Number,# of Divisors,# of Factors,Fermat,Gaussian Prime,Highly Composite,Mod 5,Mod 6,Powerful,Pronic,Squarefree
2,0,1,0,0,0,2,2,0,1,1
3,0,1,1,1,0,3,3,0,0,1
4,1,1,0,0,1,4,4,1,0,0
5,0,1,1,0,0,0,5,0,0,1
6,2,2,0,0,1,1,0,0,1,1
7,0,1,1,1,0,2,1,0,0,1
8,2,1,0,0,0,3,2,1,0,0
9,1,1,0,0,0,4,3,1,0,0
10,2,2,0,0,0,0,4,0,0,1
11,0,1,1,1,0,1,5,0,0,1
12,4,2,0,0,1,2,0,0,1,0
13,0,1,1,0,0,3,1,0,0,1
14,2,2,0,0,0,4,2,0,0,1
15,2,2,0,0,0,0,3,0,0,1
16,3,1,0,0,0,1,4,1,0,0
17,0,1,1,0,0,2,5,0,0,1
18,4,2,0,0,0,3,0,0,0,0
19,0,1,1,1,0,4,1,0,0,1
20,4,2,0,0,0,0,2,0,1,0
21,2,2,0,0,0,1,3,0,0,1
22,2,2,0,0,0,2,4,0,0,1
23,0,1,1,1,0,3,5,0,0,1
24,6,2,0,0,1,4,0,0,0,0
25,1,1,0,0,0,0,1,1,0,0
26,2,2,0,0,0,1,2,0,0,1
27,2,1,0,0,0,2,3,1,0,0
28,4,2,0,0,0,3,4,0,0,0
29,0,1,1,0,0,4,5,0,0,1
30,6,3,0,0,0,0,0,0,1,1
31,0,1,1,1,0,1,1,0,0,1
32,4,1,0,0,0,2,2,1,0,0
33,2,2,0,0,0,3,3,0,0,1
34,2,2,0,0,0,4,4,0,0,1
35,2,2,0,0,0,0,5,0,0,1
36,7,2,0,0,1,1,0,1,0,0
37,0,1,1,0,0,2,1,0,0,1
38,2,2,0,0,0,3,2,0,0,1
39,2,2,0,0,0,4,3,0,0,1
40,6,2,0,0,0,0,4,0,0,0
41,0,1,1,0,0,1,5,0,0,1
42,6,3,0,0,0,2,0,0,1,1
43,0,1,1,1,0,3,1,0,0,1
44,4,2,0,0,0,4,2,0,0,0
45,4,2,0,0,0,0,3,0,0,0
46,2,2,0,0,0,1,4,0,0,1
47,0,1,1,1,0,2,5,0,0,1
48,8,2,0,0,1,3,0,0,0,0
49,1,1,0,0,0,4,1,1,0,0
50,4,2,0,0,0,0,2,0,0,0
51,2,2,0,0,0,1,3,0,0,1
52,4,2,0,0,0,2,4,0,0,0
53,0,1,1,0,0,3,5,0,0,1
54,6,2,0,0,0,4,0,0,0,0
55,2,2,0,0,0,0,1,0,0,1
56,6,2,0,0,0,1,2,0,1,0
57,2,2,0,0,0,2,3,0,0,1
58,2,2,0,0,0,3,4,0,0,1
59,0,1,1,1,0,4,5,0,0,1
60,10,3,0,0,1,0,0,0,0,0
61,0,1,1,0,0,1,1,0,0,1
62,2,2,0,0,0,2,2,0,0,1
63,4,2,0,0,0,3,3,0,0,0
64,5,1,0,0,0,4,4,1,0,0
65,2,2,0,0,0,0,5,0,0,1
66,6,3,0,0,0,1,0,0,0,1
67,0,1,1,1,0,2,1,0,0,1
68,4,2,0,0,0,3,2,0,0,0
69,2,2,0,0,0,4,3,0,0,1
70,6,3,0,0,0,0,4,0,0,1
71,0,1,1,1,0,1,5,0,0,1
72,10,2,0,0,0,2,0,1,1,0
73,0,1,1,0,0,3,1,0,0,1
74,2,2,0,0,0,4,2,0,0,1
75,4,2,0,0,0,0,3,0,0,0
76,4,2,0,0,0,1,4,0,0,0
77,2,2,0,0,0,2,5,0,0,1
78,6,3,0,0,0,3,0,0,0,1
79,0,1,1,1,0,4,1,0,0,1
80,8,2,0,0,0,0,2,0,0,0
81,3,1,0,0,0,1,3,1,0,0
82,2,2,0,0,0,2,4,0,0,1
83,0,1,1,1,0,3,5,0,0,1
84,10,3,0,0,0,4,0,0,0,0
85,2,2,0,0,0,0,1,0,0,1
86,2,2,0,0,0,1,2,0,0,1
87,2,2,0,0,0,2,3,0,0,1
88,6,2,0,0,0,3,4,0,0,0
89,0,1,1,0,0,4,5,0,0,1
90,10,3,0,0,0,0,0,0,1,0
91,2,2,0,0,0,1,1,0,0,1
92,4,2,0,0,0,2,2,0,0,0
93,2,2,0,0,0,3,3,0,0,1
94,2,2,0,0,0,4,4,0,0,1
95,2,2,0,0,0,0,5,0,0,1
96,10,2,0,0,0,1,0,0,0,0
97,0,1,1,0,0,2,1,0,0,1
98,4,2,0,0,0,3,2,0,0,0
99,4,2,0,0,0,4,3,0,0,0
100,7,2,0,0,0,0,4,1,0,0
101,0,1,1,0,0,1,5,0,0,1
102,6,3,0,0,0,2,0,0,0,1
103,0,1,1,1,0,3,1,0,0,1
104,6,2,0,0,0,4,2,0,0,0
105,6,3,0,0,0,0,3,0,0,1
106,2,2,0,0,0,1,4,0,0,1
107,0,1,1,1,0,2,5,0,0,1
108,10,2,0,0,0,3,0,1,0,0
109,0,1,1,0,0,4,1,0,0,1
110,6,3,0,0,0,0,2,0,1,1
111,2,2,0,0,0,1,3,0,0,1
112,8,2,0,0,0,2,4,0,0,0
113,0,1,1,0,0,3,5,0,0,1
114,6,3,0,0,0,4,0,0,0,1
115,2,2,0,0,0,0,1,0,0,1
116,4,2,0,0,0,1,2,0,0,0
117,4,2,0,0,0,2,3,0,0,0
118,2,2,0,0,0,3,4,0,0,1
119,2,2,0,0,0,4,5,0,0,1
120,14,3,0,0,1,0,0,0,0,0
121,1,1,0,0,0,1,1,1,0,0
122,2,2,0,0,0,2,2,0,0,1
123,2,2,0,0,0,3,3,0,0,1
124,4,2,0,0,0,4,4,0,0,0
125,2,1,0,0,0,0,5,1,0,0
126,10,3,0,0,0,1,0,0,0,0
127,0,1,1,1,0,2,1,0,0,1
128,6,1,0,0,0,3,2,1,0,0
129,2,2,0,0,0,4,3,0,0,1
130,6,3,0,0,0,0,4,0,0,1
131,0,1,1,1,0,1,5,0,0,1
132,10,3,0,0,0,2,0,0,1,0
133,2,2,0,0,0,3,1,0,0,1
134,2,2,0,0,0,4,2,0,0,1
135,6,2,0,0,0,0,3,0,0,0
136,6,2,0,0,0,1,4,0,0,0
137,0,1,1,0,0,2,5,0,0,1
138,6,3,0,0,0,3,0,0,0,1
139,0,1,1,1,0,4,1,0,0,1
140,10,3,0,0,0,0,2,0,0,0
141,2,2,0,0,0,1,3,0,0,1
142,2,2,0,0,0,2,4,0,0,1
143,2,2,0,0,0,3,5,0,0,1
144,13,2,0,0,0,4,0,1,0,0
145,2,2,0,0,0,0,1,0,0,1
146,2,2,0,0,0,1,2,0,0,1
147,4,2,0,0,0,2,3,0,0,0
148,4,2,0,0,0,3,4,0,0,0
149,0,1,1,0,0,4,5,0,0,1
150,10,3,0,0,0,0,0,0,0,0
151,0,1,1,1,0,1,1,0,0,1
152,6,2,0,0,0,2,2,0,0,0
153,4,2,0,0,0,3,3,0,0,0
154,6,3,0,0,0,4,4,0,0,1
155,2,2,0,0,0,0,5,0,0,1
156,10,3,0,0,0,1,0,0,1,0
157,0,1,1,0,0,2,1,0,0,1
158,2,2,0,0,0,3,2,0,0,1
159,2,2,0,0,0,4,3,0,0,1
160,10,2,0,0,0,0,4,0,0,0
161,2,2,0,0,0,1,5,0,0,1
162,8,2,0,0,0,2,0,0,0,0
163,0,1,1,1,0,3,1,0,0,1
164,4,2,0,0,0,4,2,0,0,0
165,6,3,0,0,0,0,3,0,0,1
166,2,2,0,0,0,1,4,0,0,1
167,0,1,1,1,0,2,5,0,0,1
168,14,3,0,0,0,3,0,0,0,0
169,1,1,0,0,0,4,1,1,0,0
170,6,3,0,0,0,0,2,0,0,1
171,4,2,0,0,0,1,3,0,0,0
172,4,2,0,0,0,2,4,0,0,0
173,0,1,1,0,0,3,5,0,0,1
174,6,3,0,0,0,4,0,0,0,1
175,4,2,0,0,0,0,1,0,0,0
176,8,2,0,0,0,1,2,0,0,0
177,2,2,0,0,0,2,3,0,0,1
178,2,2,0,0,0,3,4,0,0,1
179,0,1,1,1,0,4,5,0,0,1
180,16,3,0,0,1,0,0,0,0,0
181,0,1,1,0,0,1,1,0,0,1
182,6,3,0,0,0,2,2,0,1,1
183,2,2,0,0,0,3,3,0,0,1
184,6,2,0,0,0,4,4,0,0,0
185,2,2,0,0,0,0,5,0,0,1
186,6,3,0,0,0,1,0,0,0,1
187,2,2,0,0,0,2,1,0,0,1
188,4,2,0,0,0,3,2,0,0,0
189,6,2,0,0,0,4,3,0,0,0
190,6,3,0,0,0,0,4,0,0,1
191,0,1,1,1,0,1,5,0,0,1
192,12,2,0,0,0,2,0,0,0,0
193,0,1,1,0,0,3,1,0,0,1
194,2,2,0,0,0,4,2,0,0,1
195,6,3,0,0,0,0,3,0,0,1
196,7,2,0,0,0,1,4,1,0,0
197,0,1,1,0,0,2,5,0,0,1
198,10,3,0,0,0,3,0,0,0,0
199,0,1,1,1,0,4,1,0,0,1
200,10,2,0,0,0,0,2,1,0,0
201,2,2,0,0,0,1,3,0,0,1
202,2,2,0,0,0,2,4,0,0,1
203,2,2,0,0,0,3,5,0,0,1
204,10,3,0,0,0,4,0,0,0,0
205,2,2,0,0,0,0,1,0,0,1
206,2,2,0,0,0,1,2,0,0,1
207,4,2,0,0,0,2,3,0,0,0
208,8,2,0,0,0,3,4,0,0,0
209,2,2,0,0,0,4,5,0,0,1
210,14,4,0,0,0,0,0,0,1,1
211,0,1,1,1,0,1,1,0,0,1
212,4,2,0,0,0,2,2,0,0,0
213,2,2,0,0,0,3,3,0,0,1
214,2,2,0,0,0,4,4,0,0,1
215,2,2,0,0,0,0,5,0,0,1
216,14,2,0,0,0,1,0,1,0,0
217,2,2,0,0,0,2,1,0,0,1
218,2,2,0,0,0,3,2,0,0,1
219,2,2,0,0,0,4,3,0,0,1
220,10,3,0,0,0,0,4,0,0,0
221,2,2,0,0,0,1,5,0,0,1
222,6,3,0,0,0,2,0,0,0,1
223,0,1,1,1,0,3,1,0,0,1
224,10,2,0,0,0,4,2,0,0,0
225,7,2,0,0,0,0,3,1,0,0
226,2,2,0,0,0,1,4,0,0,1
227,0,1,1,1,0,2,5,0,0,1
228,10,3,0,0,0,3,0,0,0,0
229,0,1,1,0,0,4,1,0,0,1
230,6,3,0,0,0,0,2,0,0,1
231,6,3,0,0,0,1,3,0,0,1
232,6,2,0,0,0,2,4,0,0,0
233,0,1,1,0,0,3,5,0,0,1
234,10,3,0,0,0,4,0,0,0,0
235,2,2,0,0,0,0,1,0,0,1
236,4,2,0,0,0,1,2,0,0,0
237,2,2,0,0,0,2,3,0,0,1
238,6,3,0,0,0,3,4,0,0,1
239,0,1,1,1,0,4,5,0,0,1
240,18,3,0,0,1,0,0,0,1,0
241,0,1,1,0,0,1,1,0,0,1
242,4,2,0,0,0,2,2,0,0,0
243,4,1,0,0,0,3,3,1,0,0
244,4,2,0,0,0,4,4,0,0,0
245,4,2,0,0,0,0,5,0,0,0
246,6,3,0,0,0,1,0,0,0,1
247,2,2,0,0,0,2,1,0,0,1
248,6,2,0,0,0,3,2,0,0,0
249,2,2,0,0,0,4,3,0,0,1
250,6,2,0,0,0,0,4,0,0,0
251,0,1,1,1,0,1,5,0,0,1
252,16,3,0,0,0,2,0,0,0,0
253,2,2,0,0,0,3,1,0,0,1
254,2,2,0,0,0,4,2,0,0,1
255,6,3,0,0,0,0,3,0,0,1
256,7,1,0,0,0,1,4,1,0,0
257,0,1,1,0,0,2,5,0,0,1
258,6,3,0,0,0,3,0,0,0,1
259,2,2,0,0,0,4,1,0,0,1
260,10,3,0,0,0,0,2,0,0,0
261,4,2,0,0,0,1,3,0,0,0
262,2,2,0,0,0,2,4,0,0,1
263,0,1,1,1,0,3,5,0,0,1
264,14,3,0,0,0,4,0,0,0,0
265,2,2,0,0,0,0,1,0,0,1
266,6,3,0,0,0,1,2,0,0,1
267,2,2,0,0,0,2,3,0,0,1
268,4,2,0,0,0,3,4,0,0,0
269,0,1,1,0,0,4,5,0,0,1
270,14,3,0,0,0,0,0,0,0,0
271,0,1,1,1,0,1,1,0,0,1
272,8,2,0,0,0,2,2,0,1,0
273,6,3,0,0,0,3,3,0,0,1
274,2,2,0,0,0,4,4,0,0,1
275,4,2,0,0,0,0,5,0,0,0
276,10,3,0,0,0,1,0,0,0,0
277,0,1,1,0,0,2,1,0,0,1
278,2,2,0,0,0,3,2,0,0,1
279,4,2,0,0,0,4,3,0,0,0
280,14,3,0,0,0,0,4,0,0,0
281,0,1,1,0,0,1,5,0,0,1
282,6,3,0,0,0,2,0,0,0,1
283,0,1,1,1,0,3,1,0,0,1
284,4,2,0,0,0,4,2,0,0,0
285,6,3,0,0,0,0,3,0,0,1
286,6,3,0,0,0,1,4,0,0,1
287,2,2,0,0,0,2,5,0,0,1
288,16,2,0,0,0,3,0,1,0,0
289,1,1,0,0,0,4,1,1,0,0
290,6,3,0,0,0,0,2,0,0,1
291,2,2,0,0,0,1,3,0,0,1
292,4,2,0,0,0,2,4,0,0,0
293,0,1,1,0,0,3,5,0,0,1
294,10,3,0,0,0,4,0,0,0,0
295,2,2,0,0,0,0,1,0,0,1
296,6,2,0,0,0,1,2,0,0,0
297,6,2,0,0,0,2,3,0,0,0
298,2,2,0,0,0,3,4,0,0,1
299,2,2,0,0,0,4,5,0,0,1
300,16,3,0,0,0,0,0,0,0,0
301,2,2,0,0,0,1,1,0,0,1
302,2,2,0,0,0,2,2,0,0,1
303,2,2,0,0,0,3,3,0,0,1
304,8,2,0,0,0,4,4,0,0,0
305,2,2,0,0,0,0,5,0,0,1
306,10,3,0,0,0,1,0,0,1,0
307,0,1,1,1,0,2,1,0,0,1
308,10,3,0,0,0,3,2,0,0,0
309,2,2,0,0,0,4,3,0,0,1
310,6,3,0,0,0,0,4,0,0,1
311,0,1,1,1,0,1,5,0,0,1
312,14,3,0,0,0,2,0,0,0,0
313,0,1,1,0,0,3,1,0,0,1
314,2,2,0,0,0,4,2,0,0,1
315,10,3,0,0,0,0,3,0,0,0
316,4,2,0,0,0,1,4,0,0,0
317,0,1,1,0,0,2,5,0,0,1
318,6,3,0,0,0,3,0,0,0,1
319,2,2,0,0,0,4,1,0,0,1
320,12,2,0,0,0,0,2,0,0,0
321,2,2,0,0,0,1,3,0,0,1
322,6,3,0,0,0,2,4,0,0,1
323,2,2,0,0,0,3,5,0,0,1
324,13,2,0,0,0,4,0,1,0,0
325,4,2,0,0,0,0,1,0,0,0
326,2,2,0,0,0,1,2,0,0,1
327,2,2,0,0,0,2,3,0,0,1
328,6,2,0,0,0,3,4,0,0,0
329,2,2,0,0,0,4,5,0,0,1
330,14,4,0,0,0,0,0,0,0,1
331,0,1,1,1,0,1,1,0,0,1
332,4,2,0,0,0,2,2,0,0,0
333,4,2,0,0,0,3,3,0,0,0
334,2,2,0,0,0,4,4,0,0,1
335,2,2,0,0,0,0,5,0,0,1
336,18,3,0,0,0,1,0,0,0,0
337,0,1,1,0,0,2,1,0,0,1
338,4,2,0,0,0,3,2,0,0,0
339,2,2,0,0,0,4,3,0,0,1
340,10,3,0,0,0,0,4,0,0,0
341,2,2,1,0,0,1,5,0,0,1
342,10,3,0,0,0,2,0,0,1,0
343,2,1,0,0,0,3,1,1,0,0
344,6,2,0,0,0,4,2,0,0,0
345,6,3,0,0,0,0,3,0,0,1
346,2,2,0,0,0,1,4,0,0,1
347,0,1,1,1,0,2,5,0,0,1
348,10,3,0,0,0,3,0,0,0,0
349,0,1,1,0,0,4,1,0,0,1
350,10,3,0,0,0,0,2,0,0,0
351,6,2,0,0,0,1,3,0,0,0
352,10,2,0,0,0,2,4,0,0,0
353,0,1,1,0,0,3,5,0,0,1
354,6,3,0,0,0,4,0,0,0,1
355,2,2,0,0,0,0,1,0,0,1
356,4,2,0,0,0,1,2,0,0,0
357,6,3,0,0,0,2,3,0,0,1
358,2,2,0,0,0,3,4,0,0,1
359,0,1,1,1,0,4,5,0,0,1
360,22,3,0,0,1,0,0,0,0,0
361,1,1,0,0,0,1,1,1,0,0
362,2,2,0,0,0,2,2,0,0,1
363,4,2,0,0,0,3,3,0,0,0
364,10,3,0,0,0,4,4,0,0,0
365,2,2,0,0,0,0,5,0,0,1
366,6,3,0,0,0,1,0,0,0,1
367,0,1,1,1,0,2,1,0,0,1
368,8,2,0,0,0,3,2,0,0,0
369,4,2,0,0,0,4,3,0,0,0
370,6,3,0,0,0,0,4,0,0,1
371,2,2,0,0,0,1,5,0,0,1
372,10,3,0,0,0,2,0,0,0,0
373,0,1,1,0,0,3,1,0,0,1
374,6,3,0,0,0,4,2,0,0,1
375,6,2,0,0,0,0,3,0,0,0
376,6,2,0,0,0,1,4,0,0,0
377,2,2,0,0,0,2,5,0,0,1
378,14,3,0,0,0,3,0,0,0,0
379,0,1,1,1,0,4,1,0,0,1
380,10,3,0,0,0,0,2,0,1,0
381,2,2,0,0,0,1,3,0,0,1
382,2,2,0,0,0,2,4,0,0,1
383,0,1,1,1,0,3,5,0,0,1
384,14,2,0,0,0,4,0,0,0,0
385,6,3,0,0,0,0,1,0,0,1
386,2,2,0,0,0,1,2,0,0,1
387,4,2,0,0,0,2,3,0,0,0
388,4,2,0,0,0,3,4,0,0,0
389,0,1,1,0,0,4,5,0,0,1
390,14,4,0,0,0,0,0,0,0,1
391,2,2,0,0,0,1,1,0,0,1
392,10,2,0,0,0,2,2,1,0,0
393,2,2,0,0,0,3,3,0,0,1
394,2,2,0,0,0,4,4,0,0,1
395,2,2,0,0,0,0,5,0,0,1
396,16,3,0,0,0,1,0,0,0,0
397,0,1,1,0,0,2,1,0,0,1
398,2,2,0,0,0,3,2,0,0,1
399,6,3,0,0,0,4,3,0,0,1
400,13,2,0,0,0,0,4,1,0,0
401,0,1,1,0,0,1,5,0,0,1
402,6,3,0,0,0,2,0,0,0,1
403,2,2,0,0,0,3,1,0,0,1
404,4,2,0,0,0,4,2,0,0,0
405,8,2,0,0,0,0,3,0,0,0
406,6,3,0,0,0,1,4,0,0,1
407,2,2,0,0,0,2,5,0,0,1
408,14,3,0,0,0,3,0,0,0,0
409,0,1,1,0,0,4,1,0,0,1
410,6,3,0,0,0,0,2,0,0,1
411,2,2,0,0,0,1,3,0,0,1
412,4,2,0,0,0,2,4,0,0,0
413,2,2,0,0,0,3,5,0,0,1
414,10,3,0,0,0,4,0,0,0,0
415,2,2,0,0,0,0,1,0,0,1
416,10,2,0,0,0,1,2,0,0,0
417,2,2,0,0,0,2,3,0,0,1
418,6,3,0,0,0,3,4,0,0,1
419,0,1,1,1,0,4,5,0,0,1
420,22,4,0,0,0,0,0,0,1,0
421,0,1,1,0,0,1,1,0,0,1
422,2,2,0,0,0,2,2,0,0,1
423,4,2,0,0,0,3,3,0,0,0
424,6,2,0,0,0,4,4,0,0,0
425,4,2,0,0,0,0,5,0,0,0
426,6,3,0,0,0,1,0,0,0,1
427,2,2,0,0,0,2,1,0,0,1
428,4,2,0,0,0,3,2,0,0,0
429,6,3,0,0,0,4,3,0,0,1
430,6,3,0,0,0,0,4,0,0,1
431,0,1,1,1,0,1,5,0,0,1
432,18,2,0,0,0,2,0,1,0,0
433,0,1,1,0,0,3,1,0,0,1
434,6,3,0,0,0,4,2,0,0,1
435,6,3,0,0,0,0,3,0,0,1
436,4,2,0,0,0,1,4,0,0,0
437,2,2,0,0,0,2,5,0,0,1
438,6,3,0,0,0,3,0,0,0,1
439,0,1,1,1,0,4,1,0,0,1
440,14,3,0,0,0,0,2,0,0,0
441,7,2,0,0,0,1,3,1,0,0
442,6,3,0,0,0,2,4,0,0,1
443,0,1,1,1,0,3,5,0,0,1
444,10,3,0,0,0,4,0,0,0,0
445,2,2,0,0,0,0,1,0,0,1
446,2,2,0,0,0,1,2,0,0,1
447,2,2,0,0,0,2,3,0,0,1
448,12,2,0,0,0,3,4,0,0,0
449,0,1,1,0,0,4,5,0,0,1
450,16,3,0,0,0,0,0,0,0,0
451,2,2,0,0,0,1,1,0,0,1
452,4,2,0,0,0,2,2,0,0,0
453,2,2,0,0,0,3,3,0,0,1
454,2,2,0,0,0,4,4,0,0,1
455,6,3,0,0,0,0,5,0,0,1
456,14,3,0,0,0,1,0,0,0,0
457,0,1,1,0,0,2,1,0,0,1
458,2,2,0,0,0,3,2,0,0,1
459,6,2,0,0,0,4,3,0,0,0
460,10,3,0,0,0,0,4,0,0,0
461,0,1,1,0,0,1,5,0,0,1
462,14,4,0,0,0,2,0,0,1,1
463,0,1,1,1,0,3,1,0,0,1
464,8,2,0,0,0,4,2,0,0,0
465,6,3,0,0,0,0,3,0,0,1
466,2,2,0,0,0,1,4,0,0,1
467,0,1,1,1,0,2,5,0,0,1
468,16,3,0,0,0,3,0,0,0,0
469,2,2,0,0,0,4,1,0,0,1
470,6,3,0,0,0,0,2,0,0,1
471,2,2,0,0,0,1,3,0,0,1
472,6,2,0,0,0,2,4,0,0,0
473,2,2,0,0,0,3,5,0,0,1
474,6,3,0,0,0,4,0,0,0,1
475,4,2,0,0,0,0,1,0,0,0
476,10,3,0,0,0,1,2,0,0,0
477,4,2,0,0,0,2,3,0,0,0
478,2,2,0,0,0,3,4,0,0,1
479,0,1,1,1,0,4,5,0,0,1
480,22,3,0,0,0,0,0,0,0,0
481,2,2,0,0,0,1,1,0,0,1
482,2,2,0,0,0,2,2,0,0,1
483,6,3,0,0,0,3,3,0,0,1
484,7,2,0,0,0,4,4,1,0,0
485,2,2,0,0,0,0,5,0,0,1
486,10,2,0,0,0,1,0,0,0,0
487,0,1,1,1,0,2,1,0,0,1
488,6,2,0,0,0,3,2,0,0,0
489,2,2,0,0,0,4,3,0,0,1
490,10,3,0,0,0,0,4,0,0,0
491,0,1,1,1,0,1,5,0,0,1
492,10,3,0,0,0,2,0,0,0,0
493,2,2,0,0,0,3,1,0,0,1
494,6,3,0,0,0,4,2,0,0,1
495,10,3,0,0,0,0,3,0,0,0
496,8,2,0,0,0,1,4,0,0,0
497,2,2,0,0,0,2,5,0,0,1
498,6,3,0,0,0,3,0,0,0,1
499,0,1,1,1,0,4,1,0,0,1
500,10,2,0,0,0,0,2,1,0,0
501,2,2,0,0,0,1,3,0,0,1
502,2,2,0,0,0,2,4,0,0,1
503,0,1,1,1,0,3,5,0,0,1
504,22,3,0,0,0,4,0,0,0,0
505,2,2,0,0,0,0,1,0,0,1
506,6,3,0,0,0,1,2,0,1,1
507,4,2,0,0,0,2,3,0,0,0
508,4,2,0,0,0,3,4,0,0,0
509,0,1,1,0,0,4,5,0,0,1
510,14,4,0,0,0,0,0,0,0,1
511,2,2,0,0,0,1,1,0,0,1
512,8,1,0,0,0,2,2,1,0,0
513,6,2,0,0,0,3,3,0,0,0
514,2,2,0,0,0,4,4,0,0,1
515,2,2,0,0,0,0,5,0,0,1
516,10,3,0,0,0,1,0,0,0,0
517,2,2,0,0,0,2,1,0,0,1
518,6,3,0,0,0,3,2,0,0,1
519,2,2,0,0,0,4,3,0,0,1
520,14,3,0,0,0,0,4,0,0,0
521,0,1,1,0,0,1,5,0,0,1
522,10,3,0,0,0,2,0,0,0,0
523,0,1,1,1,0,3,1,0,0,1
524,4,2,0,0,0,4,2,0,0,0
525,10,3,0,0,0,0,3,0,0,0
526,2,2,0,0,0,1,4,0,0,1
527,2,2,0,0,0,2,5,0,0,1
528,18,3,0,0,0,3,0,0,0,0
529,1,1,0,0,0,4,1,1,0,0
530,6,3,0,0,0,0,2,0,0,1
531,4,2,0,0,0,1,3,0,0,0
532,10,3,0,0,0,2,4,0,0,0
533,2,2,0,0,0,3,5,0,0,1
534,6,3,0,0,0,4,0,0,0,1
535,2,2,0,0,0,0,1,0,0,1
536,6,2,0,0,0,1,2,0,0,0
537,2,2,0,0,0,2,3,0,0,1
538,2,2,0,0,0,3,4,0,0,1
539,4,2,0,0,0,4,5,0,0,0
540,22,3,0,0,0,0,0,0,0,0
541,0,1,1,0,0,1,1,0,0,1
542,2,2,0,0,0,2,2,0,0,1
543,2,2,0,0,0,3,3,0,0,1
544,10,2,0,0,0,4,4,0,0,0
545,2,2,0,0,0,0,5,0,0,1
546,14,4,0,0,0,1,0,0,0,1
547,0,1,1,1,0,2,1,0,0,1
548,4,2,0,0,0,3,2,0,0,0
549,4,2,0,0,0,4,3,0,0,0
550,10,3,0,0,0,0,4,0,0,0
551,2,2,0,0,0,1,5,0,0,1
552,14,3,0,0,0,2,0,0,1,0
553,2,2,0,0,0,3,1,0,0,1
554,2,2,0,0,0,4,2,0,0,1
555,6,3,0,0,0,0,3,0,0,1
556,4,2,0,0,0,1,4,0,0,0
557,0,1,1,0,0,2,5,0,0,1
558,10,3,0,0,0,3,0,0,0,0
559,2,2,0,0,0,4,1,0,0,1
560,18,3,0,0,0,0,2,0,0,0
561,6,3,1,0,0,1,3,0,0,1
562,2,2,0,0,0,2,4,0,0,1
563,0,1,1,1,0,3,5,0,0,1
564,10,3,0,0,0,4,0,0,0,0
565,2,2,0,0,0,0,1,0,0,1
566,2,2,0,0,0,1,2,0,0,1
567,8,2,0,0,0,2,3,0,0,0
568,6,2,0,0,0,3,4,0,0,0
569,0,1,1,0,0,4,5,0,0,1
570,14,4,0,0,0,0,0,0,0,1
571,0,1,1,1,0,1,1,0,0,1
572,10,3,0,0,0,2,2,0,0,0
573,2,2,0,0,0,3,3,0,0,1
574,6,3,0,0,0,4,4,0,0,1
575,4,2,0,0,0,0,5,0,0,0
576,19,2,0,0,0,1,0,1,0,0
577,0,1,1,0,0,2,1,0,0,1
578,4,2,0,0,0,3,2,0,0,0
579,2,2,0,0,0,4,3,0,0,1
580,10,3,0,0,0,0,4,0,0,0
581,2,2,0,0,0,1,5,0,0,1
582,6,3,0,0,0,2,0,0,0,1
583,2,2,0,0,0,3,1,0,0,1
584,6,2,0,0,0,4,2,0,0,0
585,10,3,0,0,0,0,3,0,0,0
586,2,2,0,0,0,1,4,0,0,1
587,0,1,1,1,0,2,5,0,0,1
588,16,3,0,0,0,3,0,0,0,0
589,2,2,0,0,0,4,1,0,0,1
590,6,3,0,0,0,0,2,0,0,1
591,2,2,0,0,0,1,3,0,0,1
592,8,2,0,0,0,2,4,0,0,0
593,0,1,1,0,0,3,5,0,0,1
594,14,3,0,0,0,4,0,0,0,0
595,6,3,0,0,0,0,1,0,0,1
596,4,2,0,0,0,1,2,0,0,0
597,2,2,0,0,0,2,3,0,0,1
598,6,3,0,0,0,3,4,0,0,1
599,0,1,1,1,0,4,5,0,0,1
600,22,3,0,0,0,0,0,0,1,0
601,0,1,1,0,0,1,1,0,0,1
602,6,3,0,0,0,2,2,0,0,1
603,4,2,0,0,0,3,3,0,0,0
604,4,2,0,0,0,4,4,0,0,0
605,4,2,0,0,0,0,5,0,0,0
606,6,3,0,0,0,1,0,0,0,1
607,0,1,1,1,0,2,1,0,0,1
608,10,2,0,0,0,3,2,0,0,0
609,6,3,0,0,0,4,3,0,0,1
610,6,3,0,0,0,0,4,0,0,1
611,2,2,0,0,0,1,5,0,0,1
612,16,3,0,0,0,2,0,0,0,0
613,0,1,1,0,0,3,1,0,0,1
614,2,2,0,0,0,4,2,0,0,1
615,6,3,0,0,0,0,3,0,0,1
616,14,3,0,0,0,1,4,0,0,0
617,0,1,1,0,0,2,5,0,0,1
618,6,3,0,0,0,3,0,0,0,1
619,0,1,1,1,0,4,1,0,0,1
620,10,3,0,0,0,0,2,0,0,0
621,6,2,0,0,0,1,3,0,0,0
622,2,2,0,0,0,2,4,0,0,1
623,2,2,0,0,0,3,5,0,0,1
624,18,3,0,0,0,4,0,0,0,0
625,3,1,0,0,0,0,1,1,0,0
626,2,2,0,0,0,1,2,0,0,1
627,6,3,0,0,0,2,3,0,0,1
628,4,2,0,0,0,3,4,0,0,0
629,2,2,0,0,0,4,5,0,0,1
630,22,4,0,0,0,0,0,0,0,0
631,0,1,1,1,0,1,1,0,0,1
632,6,2,0,0,0,2,2,0,0,0
633,2,2,0,0,0,3,3,0,0,1
634,2,2,0,0,0,4,4,0,0,1
635,2,2,0,0,0,0,5,0,0,1
636,10,3,0,0,0,1,0,0,0,0
637,4,2,0,0,0,2,1,0,0,0
638,6,3,0,0,0,3,2,0,0,1
639,4,2,0,0,0,4,3,0,0,0
640,14,2,0,0,0,0,4,0,0,0
641,0,1,1,0,0,1,5,0,0,1
642,6,3,0,0,0,2,0,0,0,1
643,0,1,1,1,0,3,1,0,0,1
644,10,3,0,0,0,4,2,0,0,0
645,6,3,1,0,0,0,3,0,0,1
646,6,3,0,0,0,1,4,0,0,1
647,0,1,1,1,0,2,5,0,0,1
648,18,2,0,0,0,3,0,1,0,0
649,2,2,0,0,0,4,1,0,0,1
650,10,3,0,0,0,0,2,0,1,0
651,6,3,0,0,0,1,3,0,0,1
652,4,2,0,0,0,2,4,0,0,0
653,0,1,1,0,0,3,5,0,0,1
654,6,3,0,0,0,4,0,0,0,1
655,2,2,0,0,0,0,1,0,0,1
656,8,2,0,0,0,1,2,0,0,0
657,4,2,0,0,0,2,3,0,0,0
658,6,3,0,0,0,3,4,0,0,1
659,0,1,1,1,0,4,5,0,0,1
660,22,4,0,0,0,0,0,0,0,0
661,0,1,1,0,0,1,1,0,0,1
662,2,2,0,0,0,2,2,0,0,1
663,6,3,0,0,0,3,3,0,0,1
664,6,2,0,0,0,4,4,0,0,0
665,6,3,0,0,0,0,5,0,0,1
666,10,3,0,0,0,1,0,0,0,0
667,2,2,0,0,0,2,1,0,0,1
668,4,2,0,0,0,3,2,0,0,0
669,2,2,0,0,0,4,3,0,0,1
670,6,3,0,0,0,0,4,0,0,1
671,2,2,0,0,0,1,5,0,0,1
672,22,3,0,0,0,2,0,0,0,0
673,0,1,1,0,0,3,1,0,0,1
674,2,2,0,0,0,4,2,0,0,1
675,10,2,0,0,0,0,3,1,0,0
676,7,2,0,0,0,1,4,1,0,0
677,0,1,1,0,0,2,5,0,0,1
678,6,3,0,0,0,3,0,0,0,1
679,2,2,0,0,0,4,1,0,0,1
680,14,3,0,0,0,0,2,0,0,0
681,2,2,0,0,0,1,3,0,0,1
682,6,3,0,0,0,2,4,0,0,1
683,0,1,1,1,0,3,5,0,0,1
684,16,3,0,0,0,4,0,0,0,0
685,2,2,0,0,0,0,1,0,0,1
686,6,2,0,0,0,1,2,0,0,0
687,2,2,0,0,0,2,3,0,0,1
688,8,2,0,0,0,3,4,0,0,0
689,2,2,0,0,0,4,5,0,0,1
690,14,4,0,0,0,0,0,0,0,1
691,0,1,1,1,0,1,1,0,0,1
692,4,2,0,0,0,2,2,0,0,0
693,10,3,0,0,0,3,3,0,0,0
694,2,2,0,0,0,4,4,0,0,1
695,2,2,0,0,0,0,5,0,0,1
696,14,3,0,0,0,1,0,0,0,0
697,2,2,0,0,0,2,1,0,0,1
698,2,2,0,0,0,3,2,0,0,1
699,2,2,0,0,0,4,3,0,0,1
700,16,3,0,0,0,0,4,0,0,0
701,0,1,1,0,0,1,5,0,0,1
702,14,3,0,0,0,2,0,0,1,0
703,2,2,0,0,0,3,1,0,0,1
704,12,2,0,0,0,4,2,0,0,0
705,6,3,0,0,0,0,3,0,0,1
706,2,2,0,0,0,1,4,0,0,1
707,2,2,0,0,0,2,5,0,0,1
708,10,3,0,0,0,3,0,0,0,0
709,0,1,1,0,0,4,1,0,0,1
710,6,3,0,0,0,0,2,0,0,1
711,4,2,0,0,0,1,3,0,0,0
712,6,2,0,0,0,2,4,0,0,0
713,2,2,0,0,0,3,5,0,0,1
714,14,4,0,0,0,4,0,0,0,1
715,6,3,0,0,0,0,1,0,0,1
716,4,2,0,0,0,1,2,0,0,0
717,2,2,0,0,0,2,3,0,0,1
718,2,2,0,0,0,3,4,0,0,1
719,0,1,1,1,0,4,5,0,0,1
720,28,3,0,0,1,0,0,0,0,0
721,2,2,0,0,0,1,1,0,0,1
722,4,2,0,0,0,2,2,0,0,0
723,2,2,0,0,0,3,3,0,0,1
724,4,2,0,0,0,4,4,0,0,0
725,4,2,0,0,0,0,5,0,0,0
726,10,3,0,0,0,1,0,0,0,0
727,0,1,1,1,0,2,1,0,0,1
728,14,3,0,0,0,3,2,0,0,0
729,5,1,0,0,0,4,3,1,0,0
730,6,3,0,0,0,0,4,0,0,1
731,2,2,0,0,0,1,5,0,0,1
732,10,3,0,0,0,2,0,0,0,0
733,0,1,1,0,0,3,1,0,0,1
734,2,2,0,0,0,4,2,0,0,1
735,10,3,0,0,0,0,3,0,0,0
736,10,2,0,0,0,1,4,0,0,0
737,2,2,0,0,0,2,5,0,0,1
738,10,3,0,0,0,3,0,0,0,0
739,0,1,1,1,0,4,1,0,0,1
740,10,3,0,0,0,0,2,0,0,0
741,6,3,0,0,0,1,3,0,0,1
742,6,3,0,0,0,2,4,0,0,1
743,0,1,1,1,0,3,5,0,0,1
744,14,3,0,0,0,4,0,0,0,0
745,2,2,0,0,0,0,1,0,0,1
746,2,2,0,0,0,1,2,0,0,1
747,4,2,0,0,0,2,3,0,0,0
748,10,3,0,0,0,3,4,0,0,0
749,2,2,0,0,0,4,5,0,0,1
750,14,3,0,0,0,0,0,0,0,0
751,0,1,1,1,0,1,1,0,0,1
752,8,2,0,0,0,2,2,0,0,0
753,2,2,0,0,0,3,3,0,0,1
754,6,3,0,0,0,4,4,0,0,1
755,2,2,0,0,0,0,5,0,0,1
756,22,3,0,0,0,1,0,0,1,0
757,0,1,1,0,0,2,1,0,0,1
758,2,2,0,0,0,3,2,0,0,1
759,6,3,0,0,0,4,3,0,0,1
760,14,3,0,0,0,0,4,0,0,0
761,0,1,1,0,0,1,5,0,0,1
762,6,3,0,0,0,2,0,0,0,1
763,2,2,0,0,0,3,1,0,0,1
764,4,2,0,0,0,4,2,0,0,0
765,10,3,0,0,0,0,3,0,0,0
766,2,2,0,0,0,1,4,0,0,1
767,2,2,0,0,0,2,5,0,0,1
768,16,2,0,0,0,3,0,0,0,0
769,0,1,1,0,0,4,1,0,0,1
770,14,4,0,0,0,0,2,0,0,1
771,2,2,0,0,0,1,3,0,0,1
772,4,2,0,0,0,2,4,0,0,0
773,0,1,1,0,0,3,5,0,0,1
774,10,3,0,0,0,4,0,0,0,0
775,4,2,0,0,0,0,1,0,0,0
776,6,2,0,0,0,1,2,0,0,0
777,6,3,0,0,0,2,3,0,0,1
778,2,2,0,0,0,3,4,0,0,1
779,2,2,0,0,0,4,5,0,0,1
780,22,4,0,0,0,0,0,0,0,0
781,2,2,0,0,0,1,1,0,0,1
782,6,3,0,0,0,2,2,0,0,1
783,6,2,0,0,0,3,3,0,0,0
784,13,2,0,0,0,4,4,1,0,0
785,2,2,0,0,0,0,5,0,0,1
786,6,3,0,0,0,1,0,0,0,1
787,0,1,1,1,0,2,1,0,0,1
788,4,2,0,0,0,3,2,0,0,0
789,2,2,0,0,0,4,3,0,0,1
790,6,3,0,0,0,0,4,0,0,1
791,2,2,0,0,0,1,5,0,0,1
792,22,3,0,0,0,2,0,0,0,0
793,2,2,0,0,0,3,1,0,0,1
794,2,2,0,0,0,4,2,0,0,1
795,6,3,0,0,0,0,3,0,0,1
796,4,2,0,0,0,1,4,0,0,0
797,0,1,1,0,0,2,5,0,0,1
798,14,4,0,0,0,3,0,0,0,1
799,2,2,0,0,0,4,1,0,0,1
800,16,2,0,0,0,0,2,1,0,0
801,4,2,0,0,0,1,3,0,0,0
802,2,2,0,0,0,2,4,0,0,1
803,2,2,0,0,0,3,5,0,0,1
804,10,3,0,0,0,4,0,0,0,0
805,6,3,0,0,0,0,1,0,0,1
806,6,3,0,0,0,1,2,0,0,1
807,2,2,0,0,0,2,3,0,0,1
808,6,2,0,0,0,3,4,0,0,0
809,0,1,1,0,0,4,5,0,0,1
810,18,3,0,0,0,0,0,0,0,0
811,0,1,1,1,0,1,1,0,0,1
812,10,3,0,0,0,2,2,0,1,0
813,2,2,0,0,0,3,3,0,0,1
814,6,3,0,0,0,4,4,0,0,1
815,2,2,0,0,0,0,5,0,0,1
816,18,3,0,0,0,1,0,0,0,0
817,2,2,0,0,0,2,1,0,0,1
818,2,2,0,0,0,3,2,0,0,1
819,10,3,0,0,0,4,3,0,0,0
820,10,3,0,0,0,0,4,0,0,0
821,0,1,1,0,0,1,5,0,0,1
822,6,3,0,0,0,2,0,0,0,1
823,0,1,1,1,0,3,1,0,0,1
824,6,2,0,0,0,4,2,0,0,0
825,10,3,0,0,0,0,3,0,0,0
826,6,3,0,0,0,1,4,0,0,1
827,0,1,1,1,0,2,5,0,0,1
828,16,3,0,0,0,3,0,0,0,0
829,0,1,1,0,0,4,1,0,0,1
830,6,3,0,0,0,0,2,0,0,1
831,2,2,0,0,0,1,3,0,0,1
832,12,2,0,0,0,2,4,0,0,0
833,4,2,0,0,0,3,5,0,0,0
834,6,3,0,0,0,4,0,0,0,1
835,2,2,0,0,0,0,1,0,0,1
836,10,3,0,0,0,1,2,0,0,0
837,6,2,0,0,0,2,3,0,0,0
838,2,2,0,0,0,3,4,0,0,1
839,0,1,1,1,0,4,5,0,0,1
840,30,4,0,0,1,0,0,0,0,0
841,1,1,0,0,0,1,1,1,0,0
842,2,2,0,0,0,2,2,0,0,1
843,2,2,0,0,0,3,3,0,0,1
844,4,2,0,0,0,4,4,0,0,0
845,4,2,0,0,0,0,5,0,0,0
846,10,3,0,0,0,1,0,0,0,0
847,4,2,0,0,0,2,1,0,0,0
848,8,2,0,0,0,3,2,0,0,0
849,2,2,0,0,0,4,3,0,0,1
850,10,3,0,0,0,0,4,0,0,0
851,2,2,0,0,0,1,5,0,0,1
852,10,3,0,0,0,2,0,0,0,0
853,0,1,1,0,0,3,1,0,0,1
854,6,3,0,0,0,4,2,0,0,1
855,10,3,0,0,0,0,3,0,0,0
856,6,2,0,0,0,1,4,0,0,0
857,0,1,1,0,0,2,5,0,0,1
858,14,4,0,0,0,3,0,0,0,1
859,0,1,1,1,0,4,1,0,0,1
860,10,3,0,0,0,0,2,0,0,0
861,6,3,0,0,0,1,3,0,0,1
862,2,2,0,0,0,2,4,0,0,1
863,0,1,1,1,0,3,5,0,0,1
864,22,2,0,0,0,4,0,1,0,0
865,2,2,0,0,0,0,1,0,0,1
866,2,2,0,0,0,1,2,0,0,1
867,4,2,0,0,0,2,3,0,0,0
868,10,3,0,0,0,3,4,0,0,0
869,2,2,0,0,0,4,5,0,0,1
870,14,4,0,0,0,0,0,0,1,1
871,2,2,0,0,0,1,1,0,0,1
872,6,2,0,0,0,2,2,0,0,0
873,4,2,0,0,0,3,3,0,0,0
874,6,3,0,0,0,4,4,0,0,1
875,6,2,0,0,0,0,5,0,0,0
876,10,3,0,0,0,1,0,0,0,0
877,0,1,1,0,0,2,1,0,0,1
878,2,2,0,0,0,3,2,0,0,1
879,2,2,0,0,0,4,3,0,0,1
880,18,3,0,0,0,0,4,0,0,0
881,0,1,1,0,0,1,5,0,0,1
882,16,3,0,0,0,2,0,0,0,0
883,0,1,1,1,0,3,1,0,0,1
884,10,3,0,0,0,4,2,0,0,0
885,6,3,0,0,0,0,3,0,0,1
886,2,2,0,0,0,1,4,0,0,1
887,0,1,1,1,0,2,5,0,0,1
888,14,3,0,0,0,3,0,0,0,0
889,2,2,0,0,0,4,1,0,0,1
890,6,3,0,0,0,0,2,0,0,1
891,8,2,0,0,0,1,3,0,0,0
892,4,2,0,0,0,2,4,0,0,0
893,2,2,0,0,0,3,5,0,0,1
894,6,3,0,0,0,4,0,0,0,1
895,2,2,0,0,0,0,1,0,0,1
896,14,2,0,0,0,1,2,0,0,0
897,6,3,0,0,0,2,3,0,0,1
898,2,2,0,0,0,3,4,0,0,1
899,2,2,0,0,0,4,5,0,0,1
900,25,3,0,0,0,0,0,1,0,0
901,2,2,0,0,0,1,1,0,0,1
902,6,3,0,0,0,2,2,0,0,1
903,6,3,0,0,0,3,3,0,0,1
904,6,2,0,0,0,4,4,0,0,0
905,2,2,0,0,0,0,5,0,0,1
906,6,3,0,0,0,1,0,0,0,1
907,0,1,1,1,0,2,1,0,0,1
908,4,2,0,0,0,3,2,0,0,0
909,4,2,0,0,0,4,3,0,0,0
910,14,4,0,0,0,0,4,0,0,1
911,0,1,1,1,0,1,5,0,0,1
912,18,3,0,0,0,2,0,0,0,0
913,2,2,0,0,0,3,1,0,0,1
914,2,2,0,0,0,4,2,0,0,1
915,6,3,0,0,0,0,3,0,0,1
916,4,2,0,0,0,1,4,0,0,0
917,2,2,0,0,0,2,5,0,0,1
918,14,3,0,0,0,3,0,0,0,0
919,0,1,1,1,0,4,1,0,0,1
920,14,3,0,0,0,0,2,0,0,0
921,2,2,0,0,0,1,3,0,0,1
922,2,2,0,0,0,2,4,0,0,1
923,2,2,0,0,0,3,5,0,0,1
924,22,4,0,0,0,4,0,0,0,0
925,4,2,0,0,0,0,1,0,0,0
926,2,2,0,0,0,1,2,0,0,1
927,4,2,0,0,0,2,3,0,0,0
928,10,2,0,0,0,3,4,0,0,0
929,0,1,1,0,0,4,5,0,0,1
930,14,4,0,0,0,0,0,0,1,1
931,4,2,0,0,0,1,1,0,0,0
932,4,2,0,0,0,2,2,0,0,0
933,2,2,0,0,0,3,3,0,0,1
934,2,2,0,0,0,4,4,0,0,1
935,6,3,0,0,0,0,5,0,0,1
936,22,3,0,0,0,1,0,0,0,0
937,0,1,1,0,0,2,1,0,0,1
938,6,3,0,0,0,3,2,0,0,1
939,2,2,0,0,0,4,3,0,0,1
940,10,3,0,0,0,0,4,0,0,0
941,0,1,1,0,0,1,5,0,0,1
942,6,3,0,0,0,2,0,0,0,1
943,2,2,0,0,0,3,1,0,0,1
944,8,2,0,0,0,4,2,0,0,0
945,14,3,0,0,0,0,3,0,0,0
946,6,3,0,0,0,1,4,0,0,1
947,0,1,1,1,0,2,5,0,0,1
948,10,3,0,0,0,3,0,0,0,0
949,2,2,0,0,0,4,1,0,0,1
950,10,3,0,0,0,0,2,0,0,0
951,2,2,0,0,0,1,3,0,0,1
952,14,3,0,0,0,2,4,0,0,0
953,0,1,1,0,0,3,5,0,0,1
954,10,3,0,0,0,4,0,0,0,0
955,2,2,0,0,0,0,1,0,0,1
956,4,2,0,0,0,1,2,0,0,0
957,6,3,0,0,0,2,3,0,0,1
958,2,2,0,0,0,3,4,0,0,1
959,2,2,0,0,0,4,5,0,0,1
960,26,3,0,0,0,0,0,0,0,0
961,1,1,0,0,0,1,1,1,0,0
962,6,3,0,0,0,2,2,0,0,1
963,4,2,0,0,0,3,3,0,0,0
964,4,2,0,0,0,4,4,0,0,0
965,2,2,0,0,0,0,5,0,0,1
966,14,4,0,0,0,1,0,0,0,1
967,0,1,1,1,0,2,1,0,0,1
968,10,2,0,0,0,3,2,1,0,0
969,6,3,0,0,0,4,3,0,0,1
970,6,3,0,0,0,0,4,0,0,1
971,0,1,1,1,0,1,5,0,0,1
972,16,2,0,0,0,2,0,1,0,0
973,2,2,0,0,0,3,1,0,0,1
974,2,2,0,0,0,4,2,0,0,1
975,10,3,0,0,0,0,3,0,0,0
976,8,2,0,0,0,1,4,0,0,0
977,0,1,1,0,0,2,5,0,0,1
978,6,3,0,0,0,3,0,0,0,1
979,2,2,0,0,0,4,1,0,0,1
980,16,3,0,0,0,0,2,0,0,0
981,4,2,0,0,0,1,3,0,0,0
982,2,2,0,0,0,2,4,0,0,1
983,0,1,1,1,0,3,5,0,0,1
984,14,3,0,0,0,4,0,0,0,0
985,2,2,0,0,0,0,1,0,0,1
986,6,3,0,0,0,1,2,0,0,1
987,6,3,0,0,0,2,3,0,0,1
988,10,3,0,0,0,3,4,0,0,0
989,2,2,0,0,0,4,5,0,0,1
990,22,4,0,0,0,0,0,0,0,0
991,0,1,1,1,0,1,1,0,0,1
992,10,2,0,0,0,2,2,0,1,0
993,2,2,0,0,0,3,3,0,0,1
994,6,3,0,0,0,4,4,0,0,1
995,2,2,0,0,0,0,5,0,0,1
996,10,3,0,0,0,1,0,0,0,0
997,0,1,1,0,0,2,1,0,0,1
998,2,2,0,0,0,3,2,0,0,1
999,6,2,0,0,0,4,3,0,0,0
1000,14,2,0,0,0,0,4,1,0,0
1001,6,3,0,0,0,1,5,0,0,1
1002,6,3,0,0,0,2,0,0,0,1
1003,2,2,0,0,0,3,1,0,0,1
1004,4,2,0,0,0,4,2,0,0,0
1005,6,3,0,0,0,0,3,0,0,1
1006,2,2,0,0,0,1,4,0,0,1
1007,2,2,0,0,0,2,5,0,0,1
1008,28,3,0,0,0,3,0,0,0,0
1009,0,1,1,0,0,4,1,0,0,1
1010,6,3,0,0,0,0,2,0,0,1
1011,2,2,0,0,0,1,3,0,0,1
1012,10,3,0,0,0,2,4,0,0,0
1013,0,1,1,0,0,3,5,0,0,1
1014,10,3,0,0,0,4,0,0,0,0
1015,6,3,0,0,0,0,1,0,0,1
1016,6,2,0,0,0,1,2,0,0,0
1017,4,2,0,0,0,2,3,0,0,0
1018,2,2,0,0,0,3,4,0,0,1
1019,0,1,1,1,0,4,5,0,0,1
1020,22,4,0,0,0,0,0,0,0,0
1021,0,1,1,0,0,1,1,0,0,1
1022,6,3,0,0,0,2,2,0,0,1
1023,6,3,0,0,0,3,3,0,0,1
1024,9,1,0,0,0,4,4,1,0,0
1025,4,2,0,0,0,0,5,0,0,0
1026,14,3,0,0,0,1,0,0,0,0
1027,2,2,0,0,0,2,1,0,0,1
1028,4,2,0,0,0,3,2,0,0,0
1029,6,2,0,0,0,4,3,0,0,0
1030,6,3,0,0,0,0,4,0,0,1
1031,0,1,1,1,0,1,5,0,0,1
1032,14,3,0,0,0,2,0,0,0,0
1033,0,1,1,0,0,3,1,0,0,1
1034,6,3,0,0,0,4,2,0,0,1
1035,10,3,0,0,0,0,3,0,0,0
1036,10,3,0,0,0,1,4,0,0,0
1037,2,2,0,0,0,2,5,0,0,1
1038,6,3,0,0,0,3,0,0,0,1
1039,0,1,1,1,0,4,1,0,0,1
1040,18,3,0,0,0,0,2,0,0,0
1041,2,2,0,0,0,1,3,0,0,1
1042,2,2,0,0,0,2,4,0,0,1
1043,2,2,0,0,0,3,5,0,0,1
1044,16,3,0,0,0,4,0,0,0,0
1045,6,3,0,0,0,0,1,0,0,1
1046,2,2,0,0,0,1,2,0,0,1
1047,2,2,0,0,0,2,3,0,0,1
1048,6,2,0,0,0,3,4,0,0,0
1049,0,1,1,0,0,4,5,0,0,1
1050,22,4,0,0,0,0,0,0,0,0
1051,0,1,1,1,0,1,1,0,0,1
1052,4,2,0,0,0,2,2,0,0,0
1053,8,2,0,0,0,3,3,0,0,0
1054,6,3,0,0,0,4,4,0,0,1
1055,2,2,0,0,0,0,5,0,0,1
1056,22,3,0,0,0,1,0,0,1,0
1057,2,2,0,0,0,2,1,0,0,1
1058,4,2,0,0,0,3,2,0,0,0
1059,2,2,0,0,0,4,3,0,0,1
1060,10,3,0,0,0,0,4,0,0,0
1061,0,1,1,0,0,1,5,0,0,1
1062,10,3,0,0,0,2,0,0,0,0
1063,0,1,1,1,0,3,1,0,0,1
1064,14,3,0,0,0,4,2,0,0,0
1065,6,3,0,0,0,0,3,0,0,1
1066,6,3,0,0,0,1,4,0,0,1
1067,2,2,0,0,0,2,5,0,0,1
1068,10,3,0,0,0,3,0,0,0,0
1069,0,1,1,0,0,4,1,0,0,1
1070,6,3,0,0,0,0,2,0,0,1
1071,10,3,0,0,0,1,3,0,0,0
1072,8,2,0,0,0,2,4,0,0,0
1073,2,2,0,0,0,3,5,0,0,1
1074,6,3,0,0,0,4,0,0,0,1
1075,4,2,0,0,0,0,1,0,0,0
1076,4,2,0,0,0,1,2,0,0,0
1077,2,2,0,0,0,2,3,0,0,1
1078,10,3,0,0,0,3,4,0,0,0
1079,2,2,0,0,0,4,5,0,0,1
1080,30,3,0,0,0,0,0,0,0,0
1081,2,2,0,0,0,1,1,0,0,1
1082,2,2,0,0,0,2,2,0,0,1
1083,4,2,0,0,0,3,3,0,0,0
1084,4,2,0,0,0,4,4,0,0,0
1085,6,3,0,0,0,0,5,0,0,1
1086,6,3,0,0,0,1,0,0,0,1
1087,0,1,1,1,0,2,1,0,0,1
1088,12,2,0,0,0,3,2,0,0,0
1089,7,2,0,0,0,4,3,1,0,0
1090,6,3,0,0,0,0,4,0,0,1
1091,0,1,1,1,0,1,5,0,0,1
1092,22,4,0,0,0,2,0,0,0,0
1093,0,1,1,0,0,3,1,0,0,1
1094,2,2,0,0,0,4,2,0,0,1
1095,6,3,0,0,0,0,3,0,0,1
1096,6,2,0,0,0,1,4,0,0,0
1097,0,1,1,0,0,2,5,0,0,1
1098,10,3,0,0,0,3,0,0,0,0
1099,2,2,0,0,0,4,1,0,0,1
1100,16,3,0,0,0,0,2,0,0,0
1101,2,2,0,0,0,1,3,0,0,1
1102,6,3,0,0,0,2,4,0,0,1
1103,0,1,1,1,0,3,5,0,0,1
1104,18,3,0,0,0,4,0,0,0,0
1105,6,3,1,0,0,0,1,0,0,1
1106,6,3,0,0,0,1,2,0,0,1
1107,6,2,0,0,0,2,3,0,0,0
1108,4,2,0,0,0,3,4,0,0,0
1109,0,1,1,0,0,4,5,0,0,1
1110,14,4,0,0,0,0,0,0,0,1
1111,2,2,0,0,0,1,1,0,0,1
1112,6,2,0,0,0,2,2,0,0,0
1113,6,3,0,0,0,3,3,0,0,1
1114,2,2,0,0,0,4,4,0,0,1
1115,2,2,0,0,0,0,5,0,0,1
1116,16,3,0,0,0,1,0,0,0,0
1117,0,1,1,0,0,2,1,0,0,1
1118,6,3,0,0,0,3,2,0,0,1
1119,2,2,0,0,0,4,3,0,0,1
1120,22,3,0,0,0,0,4,0,0,0
1121,2,2,0,0,0,1,5,0,0,1
1122,14,4,0,0,0,2,0,0,1,1
1123,0,1,1,1,0,3,1,0,0,1
1124,4,2,0,0,0,4,2,0,0,0
1125,10,2,0,0,0,0,3,1,0,0
1126,2,2,0,0,0,1,4,0,0,1
1127,4,2,0,0,0,2,5,0,0,0
1128,14,3,0,0,0,3,0,0,0,0
1129,0,1,1,0,0,4,1,0,0,1
1130,6,3,0,0,0,0,2,0,0,1
1131,6,3,0,0,0,1,3,0,0,1
1132,4,2,0,0,0,2,4,0,0,0
1133,2,2,0,0,0,3,5,0,0,1
1134,18,3,0,0,0,4,0,0,0,0
1135,2,2,0,0,0,0,1,0,0,1
1136,8,2,0,0,0,1,2,0,0,0
1137,2,2,0,0,0,2,3,0,0,1
1138,2,2,0,0,0,3,4,0,0,1
1139,2,2,0,0,0,4,5,0,0,1
1140,22,4,0,0,0,0,0,0,0,0
1141,2,2,0,0,0,1,1,0,0,1
1142,2,2,0,0,0,2,2,0,0,1
1143,4,2,0,0,0,3,3,0,0,0
1144,14,3,0,0,0,4,4,0,0,0
1145,2,2,0,0,0,0,5,0,0,1
1146,6,3,0,0,0,1,0,0,0,1
1147,2,2,0,0,0,2,1,0,0,1
1148,10,3,0,0,0,3,2,0,0,0
1149,2,2,0,0,0,4,3,0,0,1
1150,10,3,0,0,0,0,4,0,0,0
1151,0,1,1,1,0,1,5,0,0,1
1152,22,2,0,0,0,2,0,1,0,0
1153,0,1,1,0,0,3,1,0,0,1
1154,2,2,0,0,0,4,2,0,0,1
1155,14,4,0,0,0,0,3,0,0,1
1156,7,2,0,0,0,1,4,1,0,0
1157,2,2,0,0,0,2,5,0,0,1
1158,6,3,0,0,0,3,0,0,0,1
1159,2,2,0,0,0,4,1,0,0,1
1160,14,3,0,0,0,0,2,0,0,0
1161,6,2,0,0,0,1,3,0,0,0
1162,6,3,0,0,0,2,4,0,0,1
1163,0,1,1,1,0,3,5,0,0,1
1164,10,3,0,0,0,4,0,0,0,0
1165,2,2,0,0,0,0,1,0,0,1
1166,6,3,0,0,0,1,2,0,0,1
1167,2,2,0,0,0,2,3,0,0,1
1168,8,2,0,0,0,3,4,0,0,0
1169,2,2,0,0,0,4,5,0,0,1
1170,22,4,0,0,0,0,0,0,0,0
1171,0,1,1,1,0,1,1,0,0,1
1172,4,2,0,0,0,2,2,0,0,0
1173,6,3,0,0,0,3,3,0,0,1
1174,2,2,0,0,0,4,4,0,0,1
1175,4,2,0,0,0,0,5,0,0,0
1176,22,3,0,0,0,1,0,0,0,0
1177,2,2,0,0,0,2,1,0,0,1
1178,6,3,0,0,0,3,2,0,0,1
1179,4,2,0,0,0,4,3,0,0,0
1180,10,3,0,0,0,0,4,0,0,0
1181,0,1,1,0,0,1,5,0,0,1
1182,6,3,0,0,0,2,0,0,0,1
1183,4,2,0,0,0,3,1,0,0,0
1184,10,2,0,0,0,4,2,0,0,0
1185,6,3,0,0,0,0,3,0,0,1
1186,2,2,0,0,0,1,4,0,0,1
1187,0,1,1,1,0,2,5,0,0,1
1188,22,3,0,0,0,3,0,0,0,0
1189,2,2,0,0,0,4,1,0,0,1
1190,14,4,0,0,0,0,2,0,1,1
1191,2,2,0,0,0,1,3,0,0,1
1192,6,2,0,0,0,2,4,0,0,0
1193,0,1,1,0,0,3,5,0,0,1
1194,6,3,0,0,0,4,0,0,0,1
1195,2,2,0,0,0,0,1,0,0,1
1196,10,3,0,0,0,1,2,0,0,0
1197,10,3,0,0,0,2,3,0,0,0
1198,2,2,0,0,0,3,4,0,0,1
1199,2,2,0,0,0,4,5,0,0,1
1200,28,3,0,0,0,0,0,0,0,0
1201,0,1,1,0,0,1,1,0,0,1
1202,2,2,0,0,0,2,2,0,0,1
1203,2,2,0,0,0,3,3,0,0,1
1204,10,3,0,0,0,4,4,0,0,0
1205,2,2,0,0,0,0,5,0,0,1
1206,10,3,0,0,0,1,0,0,0,0
1207,2,2,0,0,0,2,1,0,0,1
1208,6,2,0,0,0,3,2,0,0,0
1209,6,3,0,0,0,4,3,0,0,1
1210,10,3,0,0,0,0,4,0,0,0
1211,2,2,0,0,0,1,5,0,0,1
1212,10,3,0,0,0,2,0,0,0,0
1213,0,1,1,0,0,3,1,0,0,1
1214,2,2,0,0,0,4,2,0,0,1
1215,10,2,0,0,0,0,3,0,0,0
1216,12,2,0,0,0,1,4,0,0,0
1217,0,1,1,0,0,2,5,0,0,1
1218,14,4,0,0,0,3,0,0,0,1
1219,2,2,0,0,0,4,1,0,0,1
1220,10,3,0,0,0,0,2,0,0,0
1221,6,3,0,0,0,1,3,0,0,1
1222,6,3,0,0,0,2,4,0,0,1
1223,0,1,1,1,0,3,5,0,0,1
1224,22,3,0,0,0,4,0,0,0,0
1225,7,2,0,0,0,0,1,1,0,0
1226,2,2,0,0,0,1,2,0,0,1
1227,2,2,0,0,0,2,3,0,0,1
1228,4,2,0,0,0,3,4,0,0,0
1229,0,1,1,0,0,4,5,0,0,1
1230,14,4,0,0,0,0,0,0,0,1
1231,0,1,1,1,0,1,1,0,0,1
1232,18,3,0,0,0,2,2,0,0,0
1233,4,2,0,0,0,3,3,0,0,0
1234,2,2,0,0,0,4,4,0,0,1
1235,6,3,0,0,0,0,5,0,0,1
1236,10,3,0,0,0,1,0,0,0,0
1237,0,1,1,0,0,2,1,0,0,1
1238,2,2,0,0,0,3,2,0,0,1
1239,6,3,0,0,0,4,3,0,0,1
1240,14,3,0,0,0,0,4,0,0,0
1241,2,2,0,0,0,1,5,0,0,1
1242,14,3,0,0,0,2,0,0,0,0
1243,2,2,0,0,0,3,1,0,0,1
1244,4,2,0,0,0,4,2,0,0,0
1245,6,3,0,0,0,0,3,0,0,1
1246,6,3,0,0,0,1,4,0,0,1
1247,2,2,0,0,0,2,5,0,0,1
1248,22,3,0,0,0,3,0,0,0,0
1249,0,1,1,0,0,4,1,0,0,1
1250,8,2,0,0,0,0,2,0,0,0
1251,4,2,0,0,0,1,3,0,0,0
1252,4,2,0,0,0,2,4,0,0,0
1253,2,2,0,0,0,3,5,0,0,1
1254,14,4,0,0,0,4,0,0,0,1
1255,2,2,0,0,0,0,1,0,0,1
1256,6,2,0,0,0,1,2,0,0,0
1257,2,2,0,0,0,2,3,0,0,1
1258,6,3,0,0,0,3,4,0,0,1
1259,0,1,1,1,0,4,5,0,0,1
1260,34,4,0,0,1,0,0,0,1,0
1261,2,2,0,0,0,1,1,0,0,1
1262,2,2,0,0,0,2,2,0,0,1
1263,2,2,0,0,0,3,3,0,0,1
1264,8,2,0,0,0,4,4,0,0,0
1265,6,3,0,0,0,0,5,0,0,1
1266,6,3,0,0,0,1,0,0,0,1
1267,2,2,0,0,0,2,1,0,0,1
1268,4,2,0,0,0,3,2,0,0,0
1269,6,2,0,0,0,4,3,0,0,0
1270,6,3,0,0,0,0,4,0,0,1
1271,2,2,0,0,0,1,5,0,0,1
1272,14,3,0,0,0,2,0,0,0,0
1273,2,2,0,0,0,3,1,0,0,1
1274,10,3,0,0,0,4,2,0,0,0
1275,10,3,0,0,0,0,3,0,0,0
1276,10,3,0,0,0,1,4,0,0,0
1277,0,1,1,0,0,2,5,0,0,1
1278,10,3,0,0,0,3,0,0,0,0
1279,0,1,1,1,0,4,1,0,0,1
1280,16,2,0,0,0,0,2,0,0,0
1281,6,3,0,0,0,1,3,0,0,1
1282,2,2,0,0,0,2,4,0,0,1
1283,0,1,1,1,0,3,5,0,0,1
1284,10,3,0,0,0,4,0,0,0,0
1285,2,2,0,0,0,0,1,0,0,1
1286,2,2,0,0,0,1,2,0,0,1
1287,10,3,0,0,0,2,3,0,0,0
1288,14,3,0,0,0,3,4,0,0,0
1289,0,1,1,0,0,4,5,0,0,1
1290,14,4,0,0,0,0,0,0,0,1
1291,0,1,1,1,0,1,1,0,0,1
1292,10,3,0,0,0,2,2,0,0,0
1293,2,2,0,0,0,3,3,0,0,1
1294,2,2,0,0,0,4,4,0,0,1
1295,6,3,0,0,0,0,5,0,0,1
1296,23,2,0,0,0,1,0,1,0,0
1297,0,1,1,0,0,2,1,0,0,1
1298,6,3,0,0,0,3,2,0,0,1
1299,2,2,0,0,0,4,3,0,0,1
1300,16,3,0,0,0,0,4,0,0,0
1301,0,1,1,0,0,1,5,0,0,1
1302,14,4,0,0,0,2,0,0,0,1
1303,0,1,1,1,0,3,1,0,0,1
1304,6,2,0,0,0,4,2,0,0,0
1305,10,3,0,0,0,0,3,0,0,0
1306,2,2,0,0,0,1,4,0,0,1
1307,0,1,1,1,0,2,5,0,0,1
1308,10,3,0,0,0,3,0,0,0,0
1309,6,3,0,0,0,4,1,0,0,1
1310,6,3,0,0,0,0,2,0,0,1
1311,6,3,0,0,0,1,3,0,0,1
1312,10,2,0,0,0,2,4,0,0,0
1313,2,2,0,0,0,3,5,0,0,1
1314,10,3,0,0,0,4,0,0,0,0
1315,2,2,0,0,0,0,1,0,0,1
1316,10,3,0,0,0,1,2,0,0,0
1317,2,2,0,0,0,2,3,0,0,1
1318,2,2,0,0,0,3,4,0,0,1
1319,0,1,1,1,0,4,5,0,0,1
1320,30,4,0,0,0,0,0,0,0,0
1321,0,1,1,0,0,1,1,0,0,1
1322,2,2,0,0,0,2,2,0,0,1
1323,10,2,0,0,0,3,3,1,0,0
1324,4,2,0,0,0,4,4,0,0,0
1325,4,2,0,0,0,0,5,0,0,0
1326,14,4,0,0,0,1,0,0,0,1
1327,0,1,1,1,0,2,1,0,0,1
1328,8,2,0,0,0,3,2,0,0,0
1329,2,2,0,0,0,4,3,0,0,1
1330,14,4,0,0,0,0,4,0,0,1
1331,2,1,0,0,0,1,5,1,0,0
1332,16,3,0,0,0,2,0,0,1,0
1333,2,2,0,0,0,3,1,0,0,1
1334,6,3,0,0,0,4,2,0,0,1
1335,6,3,0,0,0,0,3,0,0,1
1336,6,2,0,0,0,1,4,0,0,0
1337,2,2,0,0,0,2,5,0,0,1
1338,6,3,0,0,0,3,0,0,0,1
1339,2,2,0,0,0,4,1,0,0,1
1340,10,3,0,0,0,0,2,0,0,0
1341,4,2,0,0,0,1,3,0,0,0
1342,6,3,0,0,0,2,4,0,0,1
1343,2,2,0,0,0,3,5,0,0,1
1344,26,3,0,0,0,4,0,0,0,0
1345,2,2,0,0,0,0,1,0,0,1
1346,2,2,0,0,0,1,2,0,0,1
1347,2,2,0,0,0,2,3,0,0,1
1348,4,2,0,0,0,3,4,0,0,0
1349,2,2,0,0,0,4,5,0,0,1
1350,22,3,0,0,0,0,0,0,0,0
1351,2,2,0,0,0,1,1,0,0,1
1352,10,2,0,0,0,2,2,1,0,0
1353,6,3,0,0,0,3,3,0,0,1
1354,2,2,0,0,0,4,4,0,0,1
1355,2,2,0,0,0,0,5,0,0,1
1356,10,3,0,0,0,1,0,0,0,0
1357,2,2,0,0,0,2,1,0,0,1
1358,6,3,0,0,0,3,2,0,0,1
1359,4,2,0,0,0,4,3,0,0,0
1360,18,3,0,0,0,0,4,0,0,0
1361,0,1,1,0,0,1,5,0,0,1
1362,6,3,0,0,0,2,0,0,0,1
1363,2,2,0,0,0,3,1,0,0,1
1364,10,3,0,0,0,4,2,0,0,0
1365,14,4,0,0,0,0,3,0,0,1
1366,2,2,0,0,0,1,4,0,0,1
1367,0,1,1,1,0,2,5,0,0,1
1368,22,3,0,0,0,3,0,0,0,0
1369,1,1,0,0,0,4,1,1,0,0
1370,6,3,0,0,0,0,2,0,0,1
1371,2,2,0,0,0,1,3,0,0,1
1372,10,2,0,0,0,2,4,1,0,0
1373,0,1,1,0,0,3,5,0,0,1
1374,6,3,0,0,0,4,0,0,0,1
1375,6,2,0,0,0,0,1,0,0,0
1376,10,2,0,0,0,1,2,0,0,0
1377,8,2,0,0,0,2,3,0,0,0
1378,6,3,0,0,0,3,4,0,0,1
1379,2,2,0,0,0,4,5,0,0,1
1380,22,4,0,0,0,0,0,0,0,0
1381,0,1,1,0,0,1,1,0,0,1
1382,2,2,0,0,0,2,2,0,0,1
1383,2,2,0,0,0,3,3,0,0,1
1384,6,2,0,0,0,4,4,0,0,0
1385,2,2,0,0,0,0,5,0,0,1
1386,22,4,0,0,0,1,0,0,0,0
1387,2,2,1,0,0,2,1,0,0,1
1388,4,2,0,0,0,3,2,0,0,0
1389,2,2,0,0,0,4,3,0,0,1
1390,6,3,0,0,0,0,4,0,0,1
1391,2,2,0,0,0,1,5,0,0,1
1392,18,3,0,0,0,2,0,0,0,0
1393,2,2,0,0,0,3,1,0,0,1
1394,6,3,0,0,0,4,2,0,0,1
1395,10,3,0,0,0,0,3,0,0,0
1396,4,2,0,0,0,1,4,0,0,0
1397,2,2,0,0,0,2,5,0,0,1
1398,6,3,0,0,0,3,0,0,0,1
1399,0,1,1,1,0,4,1,0,0,1
1400,22,3,0,0,0,0,2,0,0,0
1401,2,2,0,0,0,1,3,0,0,1
1402,2,2,0,0,0,2,4,0,0,1
1403,2,2,0,0,0,3,5,0,0,1
1404,22,3,0,0,0,4,0,0,0,0
1405,2,2,0,0,0,0,1,0,0,1
1406,6,3,0,0,0,1,2,0,1,1
1407,6,3,0,0,0,2,3,0,0,1
1408,14,2,0,0,0,3,4,0,0,0
1409,0,1,1,0,0,4,5,0,0,1
1410,14,4,0,0,0,0,0,0,0,1
1411,2,2,0,0,0,1,1,0,0,1
1412,4,2,0,0,0,2,2,0,0,0
1413,4,2,0,0,0,3,3,0,0,0
1414,6,3,0,0,0,4,4,0,0,1
1415,2,2,0,0,0,0,5,0,0,1
1416,14,3,0,0,0,1,0,0,0,0
1417,2,2,0,0,0,2,1,0,0,1
1418,2,2,0,0,0,3,2,0,0,1
1419,6,3,0,0,0,4,3,0,0,1
1420,10,3,0,0,0,0,4,0,0,0
1421,4,2,0,0,0,1,5,0,0,0
1422,10,3,0,0,0,2,0,0,0,0
1423,0,1,1,1,0,3,1,0,0,1
1424,8,2,0,0,0,4,2,0,0,0
1425,10,3,0,0,0,0,3,0,0,0
1426,6,3,0,0,0,1,4,0,0,1
1427,0,1,1,1,0,2,5,0,0,1
1428,22,4,0,0,0,3,0,0,0,0
1429,0,1,1,0,0,4,1,0,0,1
1430,14,4,0,0,0,0,2,0,0,1
1431,6,2,0,0,0,1,3,0,0,0
1432,6,2,0,0,0,2,4,0,0,0
1433,0,1,1,0,0,3,5,0,0,1
1434,6,3,0,0,0,4,0,0,0,1
1435,6,3,0,0,0,0,1,0,0,1
1436,4,2,0,0,0,1,2,0,0,0
1437,2,2,0,0,0,2,3,0,0,1
1438,2,2,0,0,0,3,4,0,0,1
1439,0,1,1,1,0,4,5,0,0,1
1440,34,3,0,0,0,0,0,0,0,0
1441,2,2,0,0,0,1,1,0,0,1
1442,6,3,0,0,0,2,2,0,0,1
1443,6,3,0,0,0,3,3,0,0,1
1444,7,2,0,0,0,4,4,1,0,0
1445,4,2,0,0,0,0,5,0,0,0
1446,6,3,0,0,0,1,0,0,0,1
1447,0,1,1,1,0,2,1,0,0,1
1448,6,2,0,0,0,3,2,0,0,0
1449,10,3,0,0,0,4,3,0,0,0
1450,10,3,0,0,0,0,4,0,0,0
1451,0,1,1,1,0,1,5,0,0,1
1452,16,3,0,0,0,2,0,0,0,0
1453,0,1,1,0,0,3,1,0,0,1
1454,2,2,0,0,0,4,2,0,0,1
1455,6,3,0,0,0,0,3,0,0,1
1456,18,3,0,0,0,1,4,0,0,0
1457,2,2,0,0,0,2,5,0,0,1
1458,12,2,0,0,0,3,0,0,0,0
1459,0,1,1,1,0,4,1,0,0,1
1460,10,3,0,0,0,0,2,0,0,0
1461,2,2,0,0,0,1,3,0,0,1
1462,6,3,0,0,0,2,4,0,0,1
1463,6,3,0,0,0,3,5,0,0,1
1464,14,3,0,0,0,4,0,0,0,0
1465,2,2,0,0,0,0,1,0,0,1
1466,2,2,0,0,0,1,2,0,0,1
1467,4,2,0,0,0,2,3,0,0,0
1468,4,2,0,0,0,3,4,0,0,0
1469,2,2,0,0,0,4,5,0,0,1
1470,22,4,0,0,0,0,0,0,0,0
1471,0,1,1,1,0,1,1,0,0,1
1472,12,2,0,0,0,2,2,0,0,0
1473,2,2,0,0,0,3,3,0,0,1
1474,6,3,0,0,0,4,4,0,0,1
1475,4,2,0,0,0,0,5,0,0,0
1476,16,3,0,0,0,1,0,0,0,0
1477,2,2,0,0,0,2,1,0,0,1
1478,2,2,0,0,0,3,2,0,0,1
1479,6,3,0,0,0,4,3,0,0,1
1480,14,3,0,0,0,0,4,0,0,0
1481,0,1,1,0,0,1,5,0,0,1
1482,14,4,0,0,0,2,0,0,1,1
1483,0,1,1,1,0,3,1,0,0,1
1484,10,3,0,0,0,4,2,0,0,0
1485,14,3,0,0,0,0,3,0,0,0
1486,2,2,0,0,0,1,4,0,0,1
1487,0,1,1,1,0,2,5,0,0,1
1488,18,3,0,0,0,3,0,0,0,0
1489,0,1,1,0,0,4,1,0,0,1
1490,6,3,0,0,0,0,2,0,0,1
1491,6,3,0,0,0,1,3,0,0,1
1492,4,2,0,0,0,2,4,0,0,0
1493,0,1,1,0,0,3,5,0,0,1
1494,10,3,0,0,0,4,0,0,0,0
1495,6,3,0,0,0,0,1,0,0,1
1496,14,3,0,0,0,1,2,0,0,0
1497,2,2,0,0,0,2,3,0,0,1
1498,6,3,0,0,0,3,4,0,0,1
1499,0,1,1,1,0,4,5,0,0,1
1500,22,3,0,0,0,0,0,0,0,0
1501,2,2,0,0,0,1,1,0,0,1
1502,2,2,0,0,0,2,2,0,0,1
1503,4,2,0,0,0,3,3,0,0,0
1504,10,2,0,0,0,4,4,0,0,0
1505,6,3,0,0,0,0,5,0,0,1
1506,6,3,0,0,0,1,0,0,0,1
1507,2,2,0,0,0,2,1,0,0,1
1508,10,3,0,0,0,3,2,0,0,0
1509,2,2,0,0,0,4,3,0,0,1
1510,6,3,0,0,0,0,4,0,0,1
1511,0,1,1,1,0,1,5,0,0,1
1512,30,3,0,0,0,2,0,0,0,0
1513,2,2,0,0,0,3,1,0,0,1
1514,2,2,0,0,0,4,2,0,0,1
1515,6,3,0,0,0,0,3,0,0,1
1516,4,2,0,0,0,1,4,0,0,0
1517,2,2,0,0,0,2,5,0,0,1
1518,14,4,0,0,0,3,0,0,0,1
1519,4,2,0,0,0,4,1,0,0,0
1520,18,3,0,0,0,0,2,0,0,0
1521,7,2,0,0,0,1,3,1,0,0
1522,2,2,0,0,0,2,4,0,0,1
1523,0,1,1,1,0,3,5,0,0,1
1524,10,3,0,0,0,4,0,0,0,0
1525,4,2,0,0,0,0,1,0,0,0
1526,6,3,0,0,0,1,2,0,0,1
1527,2,2,0,0,0,2,3,0,0,1
1528,6,2,0,0,0,3,4,0,0,0
1529,2,2,0,0,0,4,5,0,0,1
1530,22,4,0,0,0,0,0,0,0,0
1531,0,1,1,1,0,1,1,0,0,1
1532,4,2,0,0,0,2,2,0,0,0
1533,6,3,0,0,0,3,3,0,0,1
1534,6,3,0,0,0,4,4,0,0,1
1535,2,2,0,0,0,0,5,0,0,1
1536,18,2,0,0,0,1,0,0,0,0
1537,2,2,0,0,0,2,1,0,0,1
1538,2,2,0,0,0,3,2,0,0,1
1539,8,2,0,0,0,4,3,0,0,0
1540,22,4,0,0,0,0,4,0,0,0
1541,2,2,0,0,0,1,5,0,0,1
1542,6,3,0,0,0,2,0,0,0,1
1543,0,1,1,1,0,3,1,0,0,1
1544,6,2,0,0,0,4,2,0,0,0
1545,6,3,0,0,0,0,3,0,0,1
1546,2,2,0,0,0,1,4,0,0,1
1547,6,3,0,0,0,2,5,0,0,1
1548,16,3,0,0,0,3,0,0,0,0
1549,0,1,1,0,0,4,1,0,0,1
1550,10,3,0,0,0,0,2,0,0,0
1551,6,3,0,0,0,1,3,0,0,1
1552,8,2,0,0,0,2,4,0,0,0
1553,0,1,1,0,0,3,5,0,0,1
1554,14,4,0,0,0,4,0,0,0,1
1555,2,2,0,0,0,0,1,0,0,1
1556,4,2,0,0,0,1,2,0,0,0
1557,4,2,0,0,0,2,3,0,0,0
1558,6,3,0,0,0,3,4,0,0,1
1559,0,1,1,1,0,4,5,0,0,1
1560,30,4,0,0,0,0,0,0,1,0
1561,2,2,0,0,0,1,1,0,0,1
1562,6,3,0,0,0,2,2,0,0,1
1563,2,2,0,0,0,3,3,0,0,1
1564,10,3,0,0,0,4,4,0,0,0
1565,2,2,0,0,0,0,5,0,0,1
1566,14,3,0,0,0,1,0,0,0,0
1567,0,1,1,1,0,2,1,0,0,1
1568,16,2,0,0,0,3,2,1,0,0
1569,2,2,0,0,0,4,3,0,0,1
1570,6,3,0,0,0,0,4,0,0,1
1571,0,1,1,1,0,1,5,0,0,1
1572,10,3,0,0,0,2,0,0,0,0
1573,4,2,0,0,0,3,1,0,0,0
1574,2,2,0,0,0,4,2,0,0,1
1575,16,3,0,0,0,0,3,0,0,0
1576,6,2,0,0,0,1,4,0,0,0
1577,2,2,0,0,0,2,5,0,0,1
1578,6,3,0,0,0,3,0,0,0,1
1579,0,1,1,1,0,4,1,0,0,1
1580,10,3,0,0,0,0,2,0,0,0
1581,6,3,0,0,0,1,3,0,0,1
1582,6,3,0,0,0,2,4,0,0,1
1583,0,1,1,1,0,3,5,0,0,1
1584,28,3,0,0,0,4,0,0,0,0
1585,2,2,0,0,0,0,1,0,0,1
1586,6,3,0,0,0,1,2,0,0,1
1587,4,2,0,0,0,2,3,0,0,0
1588,4,2,0,0,0,3,4,0,0,0
1589,2,2,0,0,0,4,5,0,0,1
1590,14,4,0,0,0,0,0,0,0,1
1591,2,2,0,0,0,1,1,0,0,1
1592,6,2,0,0,0,2,2,0,0,0
1593,6,2,0,0,0,3,3,0,0,0
1594,2,2,0,0,0,4,4,0,0,1
1595,6,3,0,0,0,0,5,0,0,1
1596,22,4,0,0,0,1,0,0,0,0
1597,0,1,1,0,0,2,1,0,0,1
1598,6,3,0,0,0,3,2,0,0,1
1599,6,3,0,0,0,4,3,0,0,1
1600,19,2,0,0,0,0,4,1,0,0
1601,0,1,1,0,0,1,5,0,0,1
1602,10,3,0,0,0,2,0,0,0,0
1603,2,2,0,0,0,3,1,0,0,1
1604,4,2,0,0,0,4,2,0,0,0
1605,6,3,0,0,0,0,3,0,0,1
1606,6,3,0,0,0,1,4,0,0,1
1607,0,1,1,1,0,2,5,0,0,1
1608,14,3,0,0,0,3,0,0,0,0
1609,0,1,1,0,0,4,1,0,0,1
1610,14,4,0,0,0,0,2,0,0,1
1611,4,2,0,0,0,1,3,0,0,0
1612,10,3,0,0,0,2,4,0,0,0
1613,0,1,1,0,0,3,5,0,0,1
1614,6,3,0,0,0,4,0,0,0,1
1615,6,3,0,0,0,0,1,0,0,1
1616,8,2,0,0,0,1,2,0,0,0
1617,10,3,0,0,0,2,3,0,0,0
1618,2,2,0,0,0,3,4,0,0,1
1619,0,1,1,1,0,4,5,0,0,1
1620,28,3,0,0,0,0,0,0,0,0
1621,0,1,1,0,0,1,1,0,0,1
1622,2,2,0,0,0,2,2,0,0,1
1623,2,2,0,0,0,3,3,0,0,1
1624,14,3,0,0,0,4,4,0,0,0
1625,6,2,0,0,0,0,5,0,0,0
1626,6,3,0,0,0,1,0,0,0,1
1627,0,1,1,1,0,2,1,0,0,1
1628,10,3,0,0,0,3,2,0,0,0
1629,4,2,0,0,0,4,3,0,0,0
1630,6,3,0,0,0,0,4,0,0,1
1631,2,2,0,0,0,1,5,0,0,1
1632,22,3,0,0,0,2,0,0,0,0
1633,2,2,0,0,0,3,1,0,0,1
1634,6,3,0,0,0,4,2,0,0,1
1635,6,3,0,0,0,0,3,0,0,1
1636,4,2,0,0,0,1,4,0,0,0
1637,0,1,1,0,0,2,5,0,0,1
1638,22,4,0,0,0,3,0,0,0,0
1639,2,2,0,0,0,4,1,0,0,1
1640,14,3,0,0,0,0,2,0,1,0
1641,2,2,0,0,0,1,3,0,0,1
1642,2,2,0,0,0,2,4,0,0,1
1643,2,2,0,0,0,3,5,0,0,1
1644,10,3,0,0,0,4,0,0,0,0
1645,6,3,0,0,0,0,1,0,0,1
1646,2,2,0,0,0,1,2,0,0,1
1647,6,2,0,0,0,2,3,0,0,0
1648,8,2,0,0,0,3,4,0,0,0
1649,2,2,0,0,0,4,5,0,0,1
1650,22,4,0,0,0,0,0,0,0,0
1651,2,2,0,0,0,1,1,0,0,1
1652,10,3,0,0,0,2,2,0,0,0
1653,6,3,0,0,0,3,3,0,0,1
1654,2,2,0,0,0,4,4,0,0,1
1655,2,2,0,0,0,0,5,0,0,1
1656,22,3,0,0,0,1,0,0,0,0
1657,0,1,1,0,0,2,1,0,0,1
1658,2,2,0,0,0,3,2,0,0,1
1659,6,3,0,0,0,4,3,0,0,1
1660,10,3,0,0,0,0,4,0,0,0
1661,2,2,0,0,0,1,5,0,0,1
1662,6,3,0,0,0,2,0,0,0,1
1663,0,1,1,1,0,3,1,0,0,1
1664,14,2,0,0,0,4,2,0,0,0
1665,10,3,0,0,0,0,3,0,0,0
1666,10,3,0,0,0,1,4,0,0,0
1667,0,1,1,1,0,2,5,0,0,1
1668,10,3,0,0,0,3,0,0,0,0
1669,0,1,1,0,0,4,1,0,0,1
1670,6,3,0,0,0,0,2,0,0,1
1671,2,2,0,0,0,1,3,0,0,1
1672,14,3,0,0,0,2,4,0,0,0
1673,2,2,0,0,0,3,5,0,0,1
1674,14,3,0,0,0,4,0,0,0,0
1675,4,2,0,0,0,0,1,0,0,0
1676,4,2,0,0,0,1,2,0,0,0
1677,6,3,0,0,0,2,3,0,0,1
1678,2,2,0,0,0,3,4,0,0,1
1679,2,2,0,0,0,4,5,0,0,1
1680,38,4,0,0,1,0,0,0,0,0
1681,1,1,0,0,0,1,1,1,0,0
1682,4,2,0,0,0,2,2,0,0,0
1683,10,3,0,0,0,3,3,0,0,0
1684,4,2,0,0,0,4,4,0,0,0
1685,2,2,0,0,0,0,5,0,0,1
1686,6,3,0,0,0,1,0,0,0,1
1687,2,2,0,0,0,2,1,0,0,1
1688,6,2,0,0,0,3,2,0,0,0
1689,2,2,0,0,0,4,3,0,0,1
1690,10,3,0,0,0,0,4,0,0,0
1691,2,2,0,0,0,1,5,0,0,1
1692,16,3,0,0,0,2,0,0,0,0
1693,0,1,1,0,0,3,1,0,0,1
1694,10,3,0,0,0,4,2,0,0,0
1695,6,3,0,0,0,0,3,0,0,1
1696,10,2,0,0,0,1,4,0,0,0
1697,0,1,1,0,0,2,5,0,0,1
1698,6,3,0,0,0,3,0,0,0,1
1699,0,1,1,1,0,4,1,0,0,1
1700,16,3,0,0,0,0,2,0,0,0
1701,10,2,0,0,0,1,3,0,0,0
1702,6,3,0,0,0,2,4,0,0,1
1703,2,2,0,0,0,3,5,0,0,1
1704,14,3,0,0,0,4,0,0,0,0
1705,6,3,0,0,0,0,1,0,0,1
1706,2,2,0,0,0,1,2,0,0,1
1707,2,2,0,0,0,2,3,0,0,1
1708,10,3,0,0,0,3,4,0,0,0
1709,0,1,1,0,0,4,5,0,0,1
1710,22,4,0,0,0,0,0,0,0,0
1711,2,2,0,0,0,1,1,0,0,1
1712,8,2,0,0,0,2,2,0,0,0
1713,2,2,0,0,0,3,3,0,0,1
1714,2,2,0,0,0,4,4,0,0,1
1715,6,2,0,0,0,0,5,0,0,0
1716,22,4,0,0,0,1,0,0,0,0
1717,2,2,0,0,0,2,1,0,0,1
1718,2,2,0,0,0,3,2,0,0,1
1719,4,2,0,0,0,4,3,0,0,0
1720,14,3,0,0,0,0,4,0,0,0
1721,0,1,1,0,0,1,5,0,0,1
1722,14,4,0,0,0,2,0,0,1,1
1723,0,1,1,1,0,3,1,0,0,1
1724,4,2,0,0,0,4,2,0,0,0
1725,10,3,0,0,0,0,3,0,0,0
1726,2,2,0,0,0,1,4,0,0,1
1727,2,2,0,0,0,2,5,0,0,1
1728,26,2,0,0,0,3,0,1,0,0
1729,6,3,1,0,0,4,1,0,0,1
1730,6,3,0,0,0,0,2,0,0,1
1731,2,2,0,0,0,1,3,0,0,1
1732,4,2,0,0,0,2,4,0,0,0
1733,0,1,1,0,0,3,5,0,0,1
1734,10,3,0,0,0,4,0,0,0,0
1735,2,2,0,0,0,0,1,0,0,1
1736,14,3,0,0,0,1,2,0,0,0
1737,4,2,0,0,0,2,3,0,0,0
1738,6,3,0,0,0,3,4,0,0,1
1739,2,2,0,0,0,4,5,0,0,1
1740,22,4,0,0,0,0,0,0,0,0
1741,0,1,1,0,0,1,1,0,0,1
1742,6,3,0,0,0,2,2,0,0,1
1743,6,3,0,0,0,3,3,0,0,1
1744,8,2,0,0,0,4,4,0,0,0
1745,2,2,0,0,0,0,5,0,0,1
1746,10,3,0,0,0,1,0,0,0,0
1747,0,1,1,1,0,2,1,0,0,1
1748,10,3,0,0,0,3,2,0,0,0
1749,6,3,0,0,0,4,3,0,0,1
1750,14,3,0,0,0,0,4,0,0,0
1751,2,2,0,0,0,1,5,0,0,1
1752,14,3,0,0,0,2,0,0,0,0
1753,0,1,1,0,0,3,1,0,0,1
1754,2,2,0,0,0,4,2,0,0,1
1755,14,3,0,0,0,0,3,0,0,0
1756,4,2,0,0,0,1,4,0,0,0
1757,2,2,0,0,0,2,5,0,0,1
1758,6,3,0,0,0,3,0,0,0,1
1759,0,1,1,1,0,4,1,0,0,1
1760,22,3,0,0,0,0,2,0,0,0
1761,2,2,0,0,0,1,3,0,0,1
1762,2,2,0,0,0,2,4,0,0,1
1763,2,2,0,0,0,3,5,0,0,1
1764,25,3,0,0,0,4,0,1,0,0
1765,2,2,0,0,0,0,1,0,0,1
1766,2,2,0,0,0,1,2,0,0,1
1767,6,3,0,0,0,2,3,0,0,1
1768,14,3,0,0,0,3,4,0,0,0
1769,2,2,0,0,0,4,5,0,0,1
1770,14,4,0,0,0,0,0,0,0,1
1771,6,3,0,0,0,1,1,0,0,1
1772,4,2,0,0,0,2,2,0,0,0
1773,4,2,0,0,0,3,3,0,0,0
1774,2,2,0,0,0,4,4,0,0,1
1775,4,2,0,0,0,0,5,0,0,0
1776,18,3,0,0,0,1,0,0,0,0
1777,0,1,1,0,0,2,1,0,0,1
1778,6,3,0,0,0,3,2,0,0,1
1779,2,2,0,0,0,4,3,0,0,1
1780,10,3,0,0,0,0,4,0,0,0
1781,2,2,0,0,0,1,5,0,0,1
1782,18,3,0,0,0,2,0,0,0,0
1783,0,1,1,1,0,3,1,0,0,1
1784,6,2,0,0,0,4,2,0,0,0
1785,14,4,0,0,0,0,3,0,0,1
1786,6,3,0,0,0,1,4,0,0,1
1787,0,1,1,1,0,2,5,0,0,1
1788,10,3,0,0,0,3,0,0,0,0
1789,0,1,1,0,0,4,1,0,0,1
1790,6,3,0,0,0,0,2,0,0,1
1791,4,2,0,0,0,1,3,0,0,0
1792,16,2,0,0,0,2,4,0,0,0
1793,2,2,0,0,0,3,5,0,0,1
1794,14,4,0,0,0,4,0,0,0,1
1795,2,2,0,0,0,0,1,0,0,1
1796,4,2,0,0,0,1,2,0,0,0
1797,2,2,0,0,0,2,3,0,0,1
1798,6,3,0,0,0,3,4,0,0,1
1799,2,2,0,0,0,4,5,0,0,1
1800,34,3,0,0,0,0,0,1,0,0
1801,0,1,1,0,0,1,1,0,0,1
1802,6,3,0,0,0,2,2,0,0,1
1803,2,2,0,0,0,3,3,0,0,1
1804,10,3,0,0,0,4,4,0,0,0
1805,4,2,0,0,0,0,5,0,0,0
1806,14,4,0,0,0,1,0,0,1,1
1807,2,2,0,0,0,2,1,0,0,1
1808,8,2,0,0,0,3,2,0,0,0
1809,6,2,0,0,0,4,3,0,0,0
1810,6,3,0,0,0,0,4,0,0,1
1811,0,1,1,1,0,1,5,0,0,1
1812,10,3,0,0,0,2,0,0,0,0
1813,4,2,0,0,0,3,1,0,0,0
1814,2,2,0,0,0,4,2,0,0,1
1815,10,3,0,0,0,0,3,0,0,0
1816,6,2,0,0,0,1,4,0,0,0
1817,2,2,0,0,0,2,5,0,0,1
1818,10,3,0,0,0,3,0,0,0,0
1819,2,2,0,0,0,4,1,0,0,1
1820,22,4,0,0,0,0,2,0,0,0
1821,2,2,0,0,0,1,3,0,0,1
1822,2,2,0,0,0,2,4,0,0,1
1823,0,1,1,1,0,3,5,0,0,1
1824,22,3,0,0,0,4,0,0,0,0
1825,4,2,0,0,0,0,1,0,0,0
1826,6,3,0,0,0,1,2,0,0,1
1827,10,3,0,0,0,2,3,0,0,0
1828,4,2,0,0,0,3,4,0,0,0
1829,2,2,0,0,0,4,5,0,0,1
1830,14,4,0,0,0,0,0,0,0,1
1831,0,1,1,1,0,1,1,0,0,1
1832,6,2,0,0,0,2,2,0,0,0
1833,6,3,0,0,0,3,3,0,0,1
1834,6,3,0,0,0,4,4,0,0,1
1835,2,2,0,0,0,0,5,0,0,1
1836,22,3,0,0,0,1,0,0,0,0
1837,2,2,0,0,0,2,1,0,0,1
1838,2,2,0,0,0,3,2,0,0,1
1839,2,2,0,0,0,4,3,0,0,1
1840,18,3,0,0,0,0,4,0,0,0
1841,2,2,0,0,0,1,5,0,0,1
1842,6,3,0,0,0,2,0,0,0,1
1843,2,2,0,0,0,3,1,0,0,1
1844,4,2,0,0,0,4,2,0,0,0
1845,10,3,0,0,0,0,3,0,0,0
1846,6,3,0,0,0,1,4,0,0,1
1847,0,1,1,1,0,2,5,0,0,1
1848,30,4,0,0,0,3,0,0,0,0
1849,1,1,0,0,0,4,1,1,0,0
1850,10,3,0,0,0,0,2,0,0,0
1851,2,2,0,0,0,1,3,0,0,1
1852,4,2,0,0,0,2,4,0,0,0
1853,2,2,0,0,0,3,5,0,0,1
1854,10,3,0,0,0,4,0,0,0,0
1855,6,3,0,0,0,0,1,0,0,1
1856,12,2,0,0,0,1,2,0,0,0
1857,2,2,0,0,0,2,3,0,0,1
1858,2,2,0,0,0,3,4,0,0,1
1859,4,2,0,0,0,4,5,0,0,0
1860,22,4,0,0,0,0,0,0,0,0
1861,0,1,1,0,0,1,1,0,0,1
1862,10,3,0,0,0,2,2,0,0,0
1863,8,2,0,0,0,3,3,0,0,0
1864,6,2,0,0,0,4,4,0,0,0
1865,2,2,0,0,0,0,5,0,0,1
1866,6,3,0,0,0,1,0,0,0,1
1867,0,1,1,1,0,2,1,0,0,1
1868,4,2,0,0,0,3,2,0,0,0
1869,6,3,0,0,0,4,3,0,0,1
1870,14,4,0,0,0,0,4,0,0,1
1871,0,1,1,1,0,1,5,0,0,1
1872,28,3,0,0,0,2,0,0,0,0
1873,0,1,1,0,0,3,1,0,0,1
1874,2,2,0,0,0,4,2,0,0,1
1875,8,2,0,0,0,0,3,0,0,0
1876,10,3,0,0,0,1,4,0,0,0
1877,0,1,1,0,0,2,5,0,0,1
1878,6,3,0,0,0,3,0,0,0,1
1879,0,1,1,1,0,4,1,0,0,1
1880,14,3,0,0,0,0,2,0,0,0
1881,10,3,0,0,0,1,3,0,0,0
1882,2,2,0,0,0,2,4,0,0,1
1883,2,2,0,0,0,3,5,0,0,1
1884,10,3,0,0,0,4,0,0,0,0
1885,6,3,0,0,0,0,1,0,0,1
1886,6,3,0,0,0,1,2,0,0,1
1887,6,3,0,0,0,2,3,0,0,1
1888,10,2,0,0,0,3,4,0,0,0
1889,0,1,1,0,0,4,5,0,0,1
1890,30,4,0,0,0,0,0,0,0,0
1891,2,2,0,0,0,1,1,0,0,1
1892,10,3,0,0,0,2,2,0,1,0
1893,2,2,0,0,0,3,3,0,0,1
1894,2,2,0,0,0,4,4,0,0,1
1895,2,2,0,0,0,0,5,0,0,1
1896,14,3,0,0,0,1,0,0,0,0
1897,2,2,0,0,0,2,1,0,0,1
1898,6,3,0,0,0,3,2,0,0,1
1899,4,2,0,0,0,4,3,0,0,0
1900,16,3,0,0,0,0,4,0,0,0
1901,0,1,1,0,0,1,5,0,0,1
1902,6,3,0,0,0,2,0,0,0,1
1903,2,2,0,0,0,3,1,0,0,1
1904,18,3,0,0,0,4,2,0,0,0
1905,6,3,1,0,0,0,3,0,0,1
1906,2,2,0,0,0,1,4,0,0,1
1907,0,1,1,1,0,2,5,0,0,1
1908,16,3,0,0,0,3,0,0,0,0
1909,2,2,0,0,0,4,1,0,0,1
1910,6,3,0,0,0,0,2,0,0,1
1911,10,3,0,0,0,1,3,0,0,0
1912,6,2,0,0,0,2,4,0,0,0
1913,0,1,1,0,0,3,5,0,0,1
1914,14,4,0,0,0,4,0,0,0,1
1915,2,2,0,0,0,0,1,0,0,1
1916,4,2,0,0,0,1,2,0,0,0
1917,6,2,0,0,0,2,3,0,0,0
1918,6,3,0,0,0,3,4,0,0,1
1919,2,2,0,0,0,4,5,0,0,1
1920,30,3,0,0,0,0,0,0,0,0
1921,2,2,0,0,0,1,1,0,0,1
1922,4,2,0,0,0,2,2,0,0,0
1923,2,2,0,0,0,3,3,0,0,1
1924,10,3,0,0,0,4,4,0,0,0
1925,10,3,0,0,0,0,5,0,0,0
1926,10,3,0,0,0,1,0,0,0,0
1927,2,2,0,0,0,2,1,0,0,1
1928,6,2,0,0,0,3,2,0,0,0
1929,2,2,0,0,0,4,3,0,0,1
1930,6,3,0,0,0,0,4,0,0,1
1931,0,1,1,1,0,1,5,0,0,1
1932,22,4,0,0,0,2,0,0,0,0
1933,0,1,1,0,0,3,1,0,0,1
1934,2,2,0,0,0,4,2,0,0,1
1935,10,3,0,0,0,0,3,0,0,0
1936,13,2,0,0,0,1,4,1,0,0
1937,2,2,0,0,0,2,5,0,0,1
1938,14,4,0,0,0,3,0,0,0,1
1939,2,2,0,0,0,4,1,0,0,1
1940,10,3,0,0,0,0,2,0,0,0
1941,2,2,0,0,0,1,3,0,0,1
1942,2,2,0,0,0,2,4,0,0,1
1943,2,2,0,0,0,3,5,0,0,1
1944,22,2,0,0,0,4,0,1,0,0
1945,2,2,0,0,0,0,1,0,0,1
1946,6,3,0,0,0,1,2,0,0,1
1947,6,3,0,0,0,2,3,0,0,1
1948,4,2,0,0,0,3,4,0,0,0
1949,0,1,1,0,0,4,5,0,0,1
1950,22,4,0,0,0,0,0,0,0,0
1951,0,1,1,1,0,1,1,0,0,1
1952,10,2,0,0,0,2,2,0,0,0
1953,10,3,0,0,0,3,3,0,0,0
1954,2,2,0,0,0,4,4,0,0,1
1955,6,3,0,0,0,0,5,0,0,1
1956,10,3,0,0,0,1,0,0,0,0
1957,2,2,0,0,0,2,1,0,0,1
1958,6,3,0,0,0,3,2,0,0,1
1959,2,2,0,0,0,4,3,0,0,1
1960,22,3,0,0,0,0,4,0,0,0
1961,2,2,0,0,0,1,5,0,0,1
1962,10,3,0,0,0,2,0,0,0,0
1963,2,2,0,0,0,3,1,0,0,1
1964,4,2,0,0,0,4,2,0,0,0
1965,6,3,0,0,0,0,3,0,0,1
1966,2,2,0,0,0,1,4,0,0,1
1967,2,2,0,0,0,2,5,0,0,1
1968,18,3,0,0,0,3,0,0,0,0
1969,2,2,0,0,0,4,1,0,0,1
1970,6,3,0,0,0,0,2,0,0,1
1971,6,2,0,0,0,1,3,0,0,0
1972,10,3,0,0,0,2,4,0,0,0
1973,0,1,1,0,0,3,5,0,0,1
1974,14,4,0,0,0,4,0,0,0,1
1975,4,2,0,0,0,0,1,0,0,0
1976,14,3,0,0,0,1,2,0,0,0
1977,2,2,0,0,0,2,3,0,0,1
1978,6,3,0,0,0,3,4,0,0,1
1979,0,1,1,1,0,4,5,0,0,1
1980,34,4,0,0,0,0,0,0,1,0
1981,2,2,0,0,0,1,1,0,0,1
1982,2,2,0,0,0,2,2,0,0,1
1983,2,2,0,0,0,3,3,0,0,1
1984,12,2,0,0,0,4,4,0,0,0
1985,2,2,0,0,0,0,5,0,0,1
1986,6,3,0,0,0,1,0,0,0,1
1987,0,1,1,1,0,2,1,0,0,1
1988,10,3,0,0,0,3,2,0,0,0
1989,10,3,0,0,0,4,3,0,0,0
1990,6,3,0,0,0,0,4,0,0,1
1991,2,2,0,0,0,1,5,0,0,1
1992,14,3,0,0,0,2,0,0,0,0
1993,0,1,1,0,0,3,1,0,0,1
1994,2,2,0,0,0,4,2,0,0,1
1995,14,4,0,0,0,0,3,0,0,1
1996,4,2,0,0,0,1,4,0,0,0
1997,0,1,1,0,0,2,5,0,0,1
1998,14,3,0,0,0,3,0,0,0,0
1999,0,1,1,1,0,4,1,0,0,1
2000,18,2,0,0,0,0,2,1,0,0
2001,6,3,0,0,0,1,3,0,0,1
2002,14,4,0,0,0,2,4,0,0,1
2003,0,1,1,1,0,3,5,0,0,1
2004,10,3,0,0,0,4,0,0,0,0
2005,2,2,0,0,0,0,1,0,0,1
2006,6,3,0,0,0,1,2,0,0,1
2007,4,2,0,0,0,2,3,0,0,0
2008,6,2,0,0,0,3,4,0,0,0
2009,4,2,0,0,0,4,5,0,0,0
2010,14,4,0,0,0,0,0,0,0,1
2011,0,1,1,1,0,1,1,0,0,1
2012,4,2,0,0,0,2,2,0,0,0
2013,6,3,0,0,0,3,3,0,0,1
2014,6,3,0,0,0,4,4,0,0,1
2015,6,3,0,0,0,0,5,0,0,1
2016,34,3,0,0,0,1,0,0,0,0
2017,0,1,1,0,0,2,1,0,0,1
2018,2,2,0,0,0,3,2,0,0,1
2019,2,2,0,0,0,4,3,0,0,1
2020,10,3,0,0,0,0,4,0,0,0
2021,2,2,0,0,0,1,5,0,0,1
2022,6,3,0,0,0,2,0,0,0,1
2023,4,2,0,0,0,3,1,0,0,0
2024,14,3,0,0,0,4,2,0,0,0
2025,13,2,0,0,0,0,3,1,0,0
2026,2,2,0,0,0,1,4,0,0,1
2027,0,1,1,1,0,2,5,0,0,1
2028,16,3,0,0,0,3,0,0,0,0
2029,0,1,1,0,0,4,1,0,0,1
2030,14,4,0,0,0,0,2,0,0,1
2031,2,2,0,0,0,1,3,0,0,1
2032,8,2,0,0,0,2,4,0,0,0
2033,2,2,0,0,0,3,5,0,0,1
2034,10,3,0,0,0,4,0,0,0,0
2035,6,3,0,0,0,0,1,0,0,1
2036,4,2,0,0,0,1,2,0,0,0
2037,6,3,0,0,0,2,3,0,0,1
2038,2,2,0,0,0,3,4,0,0,1
2039,0,1,1,1,0,4,5,0,0,1
2040,30,4,0,0,0,0,0,0,0,0
2041,2,2,0,0,0,1,1,0,0,1
2042,2,2,0,0,0,2,2,0,0,1
2043,4,2,0,0,0,3,3,0,0,0
2044,10,3,0,0,0,4,4,0,0,0
2045,2,2,0,0,0,0,5,0,0,1
2046,14,4,0,0,0,1,0,0,0,1
2047,2,2,1,0,0,2,1,0,0,1
2048,10,1,0,0,0,3,2,1,0,0
2049,2,2,0,0,0,4,3,0,0,1
